-- --------------------------------------------------------
-- Host:                         127.0.0.1
-- Server version:               10.1.10-MariaDB - mariadb.org binary distribution
-- Server OS:                    Win32
-- HeidiSQL Version:             9.3.0.4984
-- --------------------------------------------------------

/*!40101 SET @OLD_CHARACTER_SET_CLIENT=@@CHARACTER_SET_CLIENT */;
/*!40101 SET NAMES utf8mb4 */;
/*!40014 SET @OLD_FOREIGN_KEY_CHECKS=@@FOREIGN_KEY_CHECKS, FOREIGN_KEY_CHECKS=0 */;
/*!40101 SET @OLD_SQL_MODE=@@SQL_MODE, SQL_MODE='NO_AUTO_VALUE_ON_ZERO' */;

-- Dumping database structure for trans_padang
CREATE DATABASE IF NOT EXISTS `trans_padang` /*!40100 DEFAULT CHARACTER SET utf8 */;
USE `trans_padang`;


-- Dumping structure for table trans_padang.halte
CREATE TABLE IF NOT EXISTS `halte` (
  `id` int(11) NOT NULL,
  `nama` varchar(45) DEFAULT NULL,
  `latitude` double DEFAULT NULL,
  `longitude` double DEFAULT NULL,
  `relasi` int(11) DEFAULT NULL,
  `photo` varchar(45) DEFAULT NULL,
  `keterangan` varchar(45) DEFAULT NULL,
  `warna` varchar(10) DEFAULT NULL,
  `created_at` datetime DEFAULT NULL,
  `updated_at` datetime DEFAULT NULL,
  `deleted_at` datetime DEFAULT NULL,
  PRIMARY KEY (`id`)
) ENGINE=InnoDB DEFAULT CHARSET=utf8;

-- Dumping data for table trans_padang.halte: ~319 rows (approximately)
DELETE FROM `halte`;
/*!40000 ALTER TABLE `halte` DISABLE KEYS */;
INSERT INTO `halte` (`id`, `nama`, `latitude`, `longitude`, `relasi`, `photo`, `keterangan`, `warna`, `created_at`, `updated_at`, `deleted_at`) VALUES
	(0, 'Tidak Ada', NULL, NULL, NULL, NULL, NULL, '#990000', NULL, NULL, NULL),
	(1, 'RTH Imam Bonjol I', -0.952719, 100.363636, 0, NULL, NULL, '#990000', NULL, NULL, NULL),
	(2, 'Kantor Pos', -0.94983, 100.363485, 68, NULL, NULL, '#990000', NULL, NULL, NULL),
	(3, 'SMP 1', -0.947088, 100.36275, 67, NULL, NULL, '#990000', NULL, NULL, NULL),
	(4, 'IAIN I', -0.94485, 100.362239, 66, NULL, NULL, '#990000', NULL, NULL, NULL),
	(5, 'Korem I', -0.94052, 100.361448, 65, NULL, NULL, '#990000', NULL, NULL, NULL),
	(6, 'Kantor Gubernur', -0.937019, 100.361151, 64, NULL, NULL, '#990000', NULL, NULL, NULL),
	(7, 'BTN I', -0.933066, 100.361206, 63, NULL, NULL, '#990000', NULL, NULL, NULL),
	(8, 'GOR I', -0.929559, 100.361276, 62, NULL, NULL, '#990000', NULL, NULL, NULL),
	(9, 'Telkom Padang Baru I', -0.927609, 100.36125, 61, NULL, NULL, '#990000', NULL, NULL, NULL),
	(10, 'Masjid Raya I', -0.92258, 100.36125, 60, NULL, NULL, '#990000', NULL, NULL, NULL),
	(11, 'Belanti I', -0.918575, 100.360565, 59, NULL, NULL, '#990000', NULL, NULL, NULL),
	(12, 'AKBP I', -0.914956, 100.358458, 58, NULL, NULL, '#990000', NULL, NULL, NULL),
	(13, 'RS Jantung I', -0.91283, 100.357059, 57, NULL, NULL, '#990000', NULL, NULL, NULL),
	(14, 'Elang Perkasa I', -0.910631, 100.355464, 56, NULL, NULL, '#990000', NULL, NULL, NULL),
	(15, 'DPRD I', -0.907416, 100.352863, 55, NULL, NULL, '#990000', NULL, NULL, NULL),
	(16, 'Simpang Labor', -0.901047, 100.350437, 54, NULL, NULL, '#990000', NULL, NULL, NULL),
	(17, 'UNP I', -0.897393, 100.351686, 53, NULL, NULL, '#990000', NULL, NULL, NULL),
	(18, 'Tunggul Hitam I', -0.891828, 100.352177, 52, NULL, NULL, '#990000', NULL, NULL, NULL),
	(19, 'Simpang GIA I', -0.88418, 100.350686, 51, NULL, NULL, '#990000', NULL, NULL, NULL),
	(20, 'Asrama Haji I', -0.877587, 100.348089, 50, NULL, NULL, '#990000', NULL, NULL, NULL),
	(21, 'Asia Biskuit I', -0.87195, 100.345233, 49, NULL, NULL, '#990000', NULL, NULL, NULL),
	(22, 'Stasiun Tabing I', -0.866227, 100.34226, 48, NULL, NULL, '#990000', NULL, NULL, NULL),
	(23, 'Pasir Jambak I', -0.858981, 100.338845, 47, NULL, NULL, '#990000', NULL, NULL, NULL),
	(24, 'Singgalang I', -0.855633, 100.337297, 46, NULL, NULL, '#990000', NULL, NULL, NULL),
	(25, 'Griya Bunga Mas I', -0.850339, 100.334267, 45, NULL, NULL, '#990000', NULL, NULL, NULL),
	(26, 'Mutiara Putih I', -0.846174, 100.332301, 44, NULL, NULL, '#990000', NULL, NULL, NULL),
	(27, 'Kalumpang I', -0.838882, 100.328468, 43, NULL, NULL, '#990000', NULL, NULL, NULL),
	(28, 'Pasar Lubuk Buaya I', -0.831705, 100.327402, 42, NULL, NULL, '#990000', NULL, NULL, NULL),
	(29, 'Anak Air I', -0.826896, 100.327836, 40, NULL, NULL, '#990000', NULL, NULL, NULL),
	(30, 'Monang I', -0.821743, 100.325331, 39, NULL, NULL, '#990000', NULL, NULL, NULL),
	(31, 'SMP 15 I', -0.818582, 100.32352, 38, NULL, NULL, '#990000', NULL, NULL, NULL),
	(32, 'SGO I', -0.814877, 100.320959, 37, NULL, NULL, '#990000', NULL, NULL, NULL),
	(33, 'Kayu Kalek I', -0.811526, 100.31757, 36, NULL, NULL, '#990000', NULL, NULL, NULL),
	(34, 'Mega Permai I', -0.810192, 100.316339, 35, NULL, NULL, '#990000', NULL, NULL, NULL),
	(35, 'Mega Permai II', -0.809764, 100.316159, 34, NULL, NULL, NULL, NULL, NULL, NULL),
	(36, 'Kayu Kalek II', -0.81245, 100.318686, 33, NULL, NULL, NULL, NULL, NULL, NULL),
	(37, 'SGO II', -0.814761, 100.320993, 32, NULL, NULL, NULL, NULL, NULL, NULL),
	(38, 'SMP 15 II', -0.818239, 100.323461, 31, NULL, NULL, NULL, NULL, NULL, NULL),
	(39, 'Monang II', -0.821743, 100.325492, 30, NULL, NULL, NULL, NULL, NULL, NULL),
	(40, 'Anak Air II', -0.825427, 100.327336, 29, NULL, NULL, NULL, NULL, NULL, NULL),
	(41, 'Simpang Brimob', -0.83033, 100.32736, 28, NULL, NULL, NULL, NULL, NULL, NULL),
	(42, 'Pasar Lubuk Buaya II', -0.833839, 100.327678, 28, NULL, NULL, NULL, NULL, NULL, NULL),
	(43, 'Kalumpang II', -0.838801, 100.328598, 27, NULL, NULL, NULL, NULL, NULL, NULL),
	(44, 'Mutiara Putih II', -0.845399, 100.332084, 26, NULL, NULL, NULL, NULL, NULL, NULL),
	(45, 'Griya Bunga Mas II', -0.850389, 100.334425, 25, NULL, NULL, NULL, NULL, NULL, NULL),
	(46, 'Singgalang II', -0.854759, 100.336924, 24, NULL, NULL, NULL, NULL, NULL, NULL),
	(47, 'Muaro Panjalinan', -0.858463, 100.338778, 23, NULL, NULL, NULL, NULL, NULL, NULL),
	(48, 'Stasiun Tabing II', -0.866866, 100.342739, 22, NULL, NULL, NULL, NULL, NULL, NULL),
	(49, 'Asia Biskuit II', -0.871737, 100.345298, 21, NULL, NULL, NULL, NULL, NULL, NULL),
	(50, 'Asrama Haji II', -0.877603, 100.348214, 20, NULL, NULL, NULL, NULL, NULL, NULL),
	(51, 'Simpang GIA II', -0.884255, 100.350842, 19, NULL, NULL, NULL, NULL, NULL, NULL),
	(52, 'Tunggul Hitam II', -0.891811, 100.352342, 18, NULL, NULL, NULL, NULL, NULL, NULL),
	(53, 'UNP II', -0.896783, 100.35204, 17, NULL, NULL, NULL, NULL, NULL, NULL),
	(54, 'Basko', -0.900503, 100.350739, 16, NULL, NULL, NULL, NULL, NULL, NULL),
	(55, 'DPRD II', -0.907072, 100.35276, 15, NULL, NULL, NULL, NULL, NULL, NULL),
	(56, 'Elang Perkasa II', -0.910609, 100.355499, 14, NULL, NULL, NULL, NULL, NULL, NULL),
	(57, 'RS Jantung II', -0.912672, 100.357151, 13, NULL, NULL, NULL, NULL, NULL, NULL),
	(58, 'AKBP II', -0.914911, 100.358689, 12, NULL, NULL, NULL, NULL, NULL, NULL),
	(59, 'Belanti II', -0.918165, 100.360698, 11, NULL, NULL, NULL, NULL, NULL, NULL),
	(60, 'Masjid Raya II', -0.923794, 100.361433, 10, NULL, NULL, NULL, NULL, NULL, NULL),
	(61, 'Telkom Padang Baru II', -0.926868, 100.361285, 9, NULL, NULL, NULL, NULL, NULL, NULL),
	(62, 'GOR II', -0.929404, 100.361291, 8, NULL, NULL, NULL, NULL, NULL, NULL),
	(63, 'BTN II', -0.933528, 100.361275, 7, NULL, NULL, NULL, NULL, NULL, NULL),
	(64, 'Yos Sudarso', -0.93698, 100.361373, 6, NULL, NULL, NULL, NULL, NULL, NULL),
	(65, 'Korem II', -0.940575, 100.361635, 5, NULL, NULL, NULL, NULL, NULL, NULL),
	(66, 'IAIN II', -0.944927, 100.362458, 4, NULL, NULL, NULL, NULL, NULL, NULL),
	(67, 'Mahmil', -0.946869, 100.362839, 3, NULL, NULL, NULL, NULL, NULL, NULL),
	(68, 'Hotel Padang', -0.949483, 100.363465, 2, NULL, NULL, NULL, NULL, NULL, NULL),
	(69, 'Pasar Raya', -0.951432, 100.361747, 0, NULL, NULL, NULL, NULL, NULL, NULL),
	(70, 'Masjid Nurul Iman', -0.955383, 100.362576, 0, NULL, NULL, NULL, NULL, NULL, NULL),
	(71, 'Bulog Divre Sumbar', -0.954024, 100.36563, 128, NULL, NULL, '#990000', NULL, NULL, NULL),
	(72, 'Grand Hotel Sari', -0.955377, 100.367947, 127, NULL, NULL, '#990000', NULL, NULL, NULL),
	(73, 'SMK Dhuafa Nusantara', -0.956442, 100.370388, 126, NULL, NULL, '#990000', NULL, NULL, NULL),
	(74, 'Simp STIA LPPN Padang', -0.956869, 100.373854, 125, NULL, NULL, '#990000', NULL, NULL, NULL),
	(75, 'Apotik Raisa', -0.95695, 100.374112, 124, NULL, NULL, '#990000', NULL, NULL, NULL),
	(76, 'Simp Jembatan Bual', -0.962225, 100.379278, 123, NULL, NULL, '#990000', NULL, NULL, NULL),
	(77, 'Simp Cendana Mata Air', -0.972117, 100.37819, 122, NULL, NULL, '#990000', NULL, NULL, NULL),
	(78, 'SMP 20', -0.973098, 100.378176, 121, NULL, NULL, '#990000', NULL, NULL, NULL),
	(79, 'Klinik dan Apotik Cempaka Indah', -0.975566, 100.378552, 120, NULL, NULL, '#990000', NULL, NULL, NULL),
	(80, 'Bulog Rawang Timur', -0.97786, 100.380777, 119, NULL, NULL, NULL, NULL, NULL, NULL),
	(81, 'Pool HPS', -0.981163, 100.382802, 118, NULL, NULL, NULL, NULL, NULL, NULL),
	(82, 'Lantamal', -0.988994, 100.38328, 117, NULL, NULL, NULL, NULL, NULL, NULL),
	(83, 'Pasar Gaung', -0.991894, 100.383657, 116, NULL, NULL, NULL, NULL, NULL, NULL),
	(84, 'Toko Gani', -0.995099, 100.385328, 115, NULL, NULL, NULL, NULL, NULL, NULL),
	(85, 'Masjid Al Qohar', -1.001715, 100.387856, 114, NULL, NULL, NULL, NULL, NULL, NULL),
	(86, 'Pabrik Karet Sel Beremas', -1.007213, 100.390632, 113, NULL, NULL, NULL, NULL, NULL, NULL),
	(87, 'Pantai Nirwana', -1.008343, 100.392117, 112, NULL, NULL, NULL, NULL, NULL, NULL),
	(88, 'PPS Bungus', -1.02745, 100.399217, 111, NULL, NULL, NULL, NULL, NULL, NULL),
	(89, 'Pelabuhan Penyebrangan', -1.028218, 100.403146, 110, NULL, NULL, NULL, NULL, NULL, NULL),
	(90, 'Kampus II MAN 1 Padang', -1.027809, 100.412248, 109, NULL, NULL, NULL, NULL, NULL, NULL),
	(91, 'SPBU Bungus', -1.031516, 100.415207, 108, NULL, NULL, NULL, NULL, NULL, NULL),
	(92, 'SMP 19', -1.034248, 100.412842, 107, NULL, NULL, NULL, NULL, NULL, NULL),
	(93, 'Puskesmas Bungus', -1.037788, 100.410869, 106, NULL, NULL, NULL, NULL, NULL, NULL),
	(94, 'Kantor Lurah Bungus', -1.040016, 100.412284, 105, NULL, NULL, NULL, NULL, NULL, NULL),
	(95, 'SMA 11', -1.046259, 100.412814, 104, NULL, NULL, NULL, NULL, NULL, NULL),
	(96, 'PT Tiga Pangeran Mandiri', -1.054644, 100.413057, 103, NULL, NULL, NULL, NULL, NULL, NULL),
	(97, 'SD 06 Cindakin', -1.058539, 100.414961, 102, NULL, NULL, NULL, NULL, NULL, NULL),
	(98, 'Naldi Cell', -1.066467, 100.41363, 101, NULL, NULL, NULL, NULL, NULL, NULL),
	(99, 'Puskesmas Pembantu Bungus', -1.074016, 100.416322, 100, NULL, NULL, NULL, NULL, NULL, NULL),
	(100, 'Simp Masjid Perahu Siddiq', -1.072469, 100.413394, 99, NULL, NULL, NULL, NULL, NULL, NULL),
	(101, 'Masjid Jamiak Bungus', -1.066431, 100.413516, 98, NULL, NULL, NULL, NULL, NULL, NULL),
	(102, 'Pondok Lesehan Pantai Cinta', -1.06167, 100.414829, 97, NULL, NULL, NULL, NULL, NULL, NULL),
	(103, 'Ari Zulvi Cell', -1.054754, 100.41332, 96, NULL, NULL, NULL, NULL, NULL, NULL),
	(104, 'Kantor Camat Bungus', -1.046812, 100.412863, 95, NULL, NULL, NULL, NULL, NULL, NULL),
	(105, 'Masjid Nurul Yakin', -1.039466, 100.41198, 94, NULL, NULL, NULL, NULL, NULL, NULL),
	(106, 'Puskesmas Bungus II', -1.037871, 100.410729, 93, NULL, NULL, NULL, NULL, NULL, NULL),
	(107, 'SMP 19 II', -1.034255, 100.412899, 92, NULL, NULL, NULL, NULL, NULL, NULL),
	(108, 'RM Sakinah', -1.031458, 100.41509, 91, NULL, NULL, NULL, NULL, NULL, NULL),
	(109, 'Kampus II MAN 1 Padang II', -1.027939, 100.412272, 90, NULL, NULL, NULL, NULL, NULL, NULL),
	(110, 'Pelabuhan Penyebrangan Bungus II', -1.028245, 100.403146, 89, NULL, NULL, NULL, NULL, NULL, NULL),
	(111, 'PPS Bungus II', -1.027474, 100.399217, 88, NULL, NULL, NULL, NULL, NULL, NULL),
	(112, 'Surau Gonjong Nirwana', -1.012055, 100.391271, 87, NULL, NULL, NULL, NULL, NULL, NULL),
	(113, 'Pabrik Karet II', -1.008064, 100.391768, 86, NULL, NULL, NULL, NULL, NULL, NULL),
	(114, 'Masjid Nurul Falah', -0.992669, 100.383974, 85, NULL, NULL, NULL, NULL, NULL, NULL),
	(115, 'Toko Gani', -0.995176, 100.385267, 84, NULL, NULL, NULL, NULL, NULL, NULL),
	(116, 'Pasar Gaung II', -0.992006, 100.38364, 83, NULL, NULL, NULL, NULL, NULL, NULL),
	(117, 'Lantamal II', -0.989351, 100.382861, 82, NULL, NULL, NULL, NULL, NULL, NULL),
	(118, 'Simp. Jondul', -0.984923, 100.383807, 81, NULL, NULL, NULL, NULL, NULL, NULL),
	(119, 'Kantor Dishub Mata Air', -0.978858, 100.381382, 80, NULL, NULL, NULL, NULL, NULL, NULL),
	(120, 'Rumah Jahit Yuniq', -0.975842, 100.378837, 79, NULL, NULL, NULL, NULL, NULL, NULL),
	(121, 'SMP 20 II', -0.974752, 100.377993, 78, NULL, NULL, NULL, NULL, NULL, NULL),
	(122, 'Simp Cendana Mata Air II', -0.972548, 100.378105, 77, NULL, NULL, NULL, NULL, NULL, NULL),
	(123, 'Sinar Maju Jaya', -0.96207, 100.379125, 76, NULL, NULL, NULL, NULL, NULL, NULL),
	(124, 'Kantor Pengacara Rini Arti', -0.957424, 100.375856, 75, NULL, NULL, NULL, NULL, NULL, NULL),
	(125, 'Simp Seberang Padang', -0.95694, 100.373146, 74, NULL, NULL, NULL, NULL, NULL, NULL),
	(126, 'SMK Dhuafa Nusantara II', -0.956336, 100.370117, 73, NULL, NULL, NULL, NULL, NULL, NULL),
	(127, 'Hotel Aliga', -0.955408, 100.367652, 72, NULL, NULL, NULL, NULL, NULL, NULL),
	(128, 'Rendang Alang Laweh', -0.954323, 100.364378, 71, NULL, NULL, NULL, NULL, NULL, NULL),
	(129, 'Plan B Hotel', -0.959754, 100.354206, 0, NULL, NULL, NULL, NULL, NULL, NULL),
	(130, 'Kantor Syahbandar', -0.963867, 100.352035, 0, NULL, NULL, NULL, NULL, NULL, NULL),
	(131, 'Kantor PU Muara', -0.965856, 100.354368, 0, NULL, NULL, NULL, NULL, NULL, NULL),
	(132, 'SMP 3 Pulau Karam', -0.962931, 100.359448, 0, NULL, NULL, NULL, NULL, NULL, NULL),
	(133, 'SMP 4 Pulau Karam', -0.961553, 100.360225, 0, NULL, NULL, NULL, NULL, NULL, NULL),
	(134, 'Renata Hos Cokro', -0.959055, 100.361279, 0, NULL, NULL, NULL, NULL, NULL, NULL),
	(135, 'All Star Karoke', -0.9557, 100.361203, 0, NULL, NULL, NULL, NULL, NULL, NULL),
	(136, 'Pusat Pemerintahan Aia Pacah', -0.877145, 100.386874, 208, NULL, NULL, NULL, NULL, NULL, NULL),
	(137, 'FKG Baiturrahmah', -0.880588, 100.389529, 207, NULL, NULL, NULL, NULL, NULL, NULL),
	(138, 'Toko Bangunan Anifa', -0.884852, 100.392238, 206, NULL, NULL, NULL, NULL, NULL, NULL),
	(139, 'Universitas Terbuka', -0.887055, 100.393584, 205, NULL, NULL, NULL, NULL, NULL, NULL),
	(140, 'Toyota By Pass', -0.894122, 100.394862, 204, NULL, NULL, NULL, NULL, NULL, NULL),
	(141, 'RM Arafah', -0.896167, 100.394953, 203, NULL, NULL, NULL, NULL, NULL, NULL),
	(142, 'Hendra Auto Service', -0.899682, 100.395231, 202, NULL, NULL, NULL, NULL, NULL, NULL),
	(143, 'PNM Ulam Syariah', -0.900276, 100.394545, 201, NULL, NULL, NULL, NULL, NULL, NULL),
	(144, 'Masjid Anwar', -0.899717, 100.392997, 200, NULL, NULL, NULL, NULL, NULL, NULL),
	(145, 'Pagang', -0.898677, 100.387892, 199, NULL, NULL, NULL, NULL, NULL, NULL),
	(146, 'Kantor Camat Nanggalo', -0.896519, 100.377463, 198, NULL, NULL, NULL, NULL, NULL, NULL),
	(147, 'Kampus Akper', -0.898096, 100.374421, 197, NULL, NULL, NULL, NULL, NULL, NULL),
	(148, 'Pegadaian', -0.898345, 100.369105, 196, NULL, NULL, NULL, NULL, NULL, NULL),
	(149, 'BRI Siteba', -0.896768, 100.366632, 195, NULL, NULL, NULL, NULL, NULL, NULL),
	(150, 'Syifa Herbal', -0.897469, 100.363408, 194, NULL, NULL, NULL, NULL, NULL, NULL),
	(151, 'Kampus ITP', -0.899764, 100.363295, 193, NULL, NULL, NULL, NULL, NULL, NULL),
	(152, 'Apotek Farma Indah', -0.902169, 100.36229, 192, NULL, NULL, NULL, NULL, NULL, NULL),
	(153, 'Dinas SDM', -0.904728, 100.358091, 191, NULL, NULL, NULL, NULL, NULL, NULL),
	(154, 'RM Talago', -0.90743, 100.354149, 190, NULL, NULL, NULL, NULL, NULL, NULL),
	(155, 'Bakso Steak Jhoni Anwar', -0.909448, 100.351775, 188, NULL, NULL, NULL, NULL, NULL, NULL),
	(156, 'Depan Zusuki', -0.911784, 100.349948, 187, NULL, NULL, NULL, NULL, NULL, NULL),
	(157, 'BRI Ulak Karang', -0.915033, 100.350165, 186, NULL, NULL, NULL, NULL, NULL, NULL),
	(158, 'Ajo Paris', -0.916539, 100.350308, 185, NULL, NULL, NULL, NULL, NULL, NULL),
	(159, 'Masjid Asy Syahidin', -0.921593, 100.350796, 184, NULL, NULL, NULL, NULL, NULL, NULL),
	(160, 'Gedung Rangkayo Basa', -0.924746, 100.351171, 183, NULL, NULL, NULL, NULL, NULL, NULL),
	(161, 'Depan Pasar Pagi', -0.926279, 100.351391, 0, NULL, NULL, NULL, NULL, NULL, NULL),
	(162, 'STMI', -0.929697, 100.352433, 0, NULL, NULL, NULL, NULL, NULL, NULL),
	(163, 'Depan Kantor Camat Padang Baru', -0.932704, 100.354008, 0, NULL, NULL, NULL, NULL, NULL, NULL),
	(164, 'RM. Mama Veteran', -0.93511, 100.354539, 0, NULL, NULL, NULL, NULL, NULL, NULL),
	(165, 'Masjid Al Wustha', -0.938468, 100.354492, 0, NULL, NULL, NULL, NULL, NULL, NULL),
	(166, 'Depan Istana Mobil', -0.939837, 100.354466, 0, NULL, NULL, NULL, NULL, NULL, NULL),
	(167, 'RM Yakin (Depan KFC)', -0.94222, 100.354485, 0, NULL, NULL, NULL, NULL, NULL, NULL),
	(168, 'Damar Plaza', -0.944275, 100.354601, 0, NULL, NULL, NULL, NULL, NULL, NULL),
	(169, 'Pertokoan Plaza Andalas', -0.948344, 100.355086, 0, NULL, NULL, NULL, NULL, NULL, NULL),
	(170, 'TK Adhyaksa', -0.955577, 100.355401, 0, NULL, NULL, NULL, NULL, NULL, NULL),
	(171, 'Taman Melati', -0.95704, 100.355931, 174, NULL, NULL, NULL, NULL, NULL, NULL),
	(172, 'SMK Pariwisata', -0.954332, 100.35972, 173, NULL, NULL, NULL, NULL, NULL, NULL),
	(173, 'BNI 46', -0.954441, 100.359612, 172, NULL, NULL, NULL, NULL, NULL, NULL),
	(174, 'Inna Muara', -0.956497, 100.356631, 171, NULL, NULL, NULL, NULL, NULL, NULL),
	(175, 'Taman Budaya', -0.955477, 100.355355, 170, NULL, NULL, NULL, NULL, NULL, NULL),
	(176, 'Hang Tuah II', -0.954285, 100.355197, 0, NULL, NULL, NULL, NULL, NULL, NULL),
	(177, 'Hang Tuah I', -0.95195, 100.35333, 0, NULL, NULL, NULL, NULL, NULL, NULL),
	(178, 'Samudera II', -0.950226, 100.352127, 0, NULL, NULL, NULL, NULL, NULL, NULL),
	(179, 'Samudera I', -0.94976, 100.352046, 0, NULL, NULL, NULL, NULL, NULL, NULL),
	(180, 'SDN 27', -0.944533, 100.351591, 0, NULL, NULL, NULL, NULL, NULL, NULL),
	(181, 'Purus Rusunawa', -0.937259, 100.351099, 0, NULL, NULL, NULL, NULL, NULL, NULL),
	(182, 'Pantai Muaro Lacak', -0.928923, 100.350276, 0, NULL, NULL, NULL, NULL, NULL, NULL),
	(183, 'Hotel Pangeran', -0.923748, 100.351015, 160, NULL, NULL, NULL, NULL, NULL, NULL),
	(184, 'Taman Makam Pahlawan', -0.919742, 100.350558, 159, NULL, NULL, NULL, NULL, NULL, NULL),
	(185, 'Asrama Transito', -0.915447, 100.350154, 158, NULL, NULL, NULL, NULL, NULL, NULL),
	(186, 'S Parman I', -0.914326, 100.350103, 157, NULL, NULL, NULL, NULL, NULL, NULL),
	(187, 'S Parman II', -0.912363, 100.349939, 156, NULL, NULL, NULL, NULL, NULL, NULL),
	(188, 'Depan Hotel Prima', -0.910789, 100.350343, 155, NULL, NULL, NULL, NULL, NULL, NULL),
	(189, 'Simp. Indah', -0.908995, 100.35232, 0, NULL, NULL, NULL, NULL, NULL, NULL),
	(190, 'RM Talago II', -0.907396, 100.354138, 154, NULL, NULL, NULL, NULL, NULL, NULL),
	(191, 'SJS Plaza', -0.904802, 100.357927, 153, NULL, NULL, NULL, NULL, NULL, NULL),
	(192, 'SMP 12', -0.902153, 100.362282, 152, NULL, NULL, NULL, NULL, NULL, NULL),
	(193, 'ITP', -0.899613, 100.363259, 151, NULL, NULL, NULL, NULL, NULL, NULL),
	(194, 'Berok (Bidan Jasmiwati)', -0.894534, 100.363672, 150, NULL, NULL, NULL, NULL, NULL, NULL),
	(195, 'KAN Nanggalo', -0.896484, 100.366034, 149, NULL, NULL, NULL, NULL, NULL, NULL),
	(196, 'Optik Khairani', -0.898076, 100.36874, 148, NULL, NULL, NULL, NULL, NULL, NULL),
	(197, 'Kampus Akper', -0.898024, 100.374449, 147, NULL, NULL, NULL, NULL, NULL, NULL),
	(198, 'Kantor Camat Nanggalo', -0.89669, 100.377951, 146, NULL, NULL, NULL, NULL, NULL, NULL),
	(199, 'Pagang II', -0.898649, 100.387881, 145, NULL, NULL, NULL, NULL, NULL, NULL),
	(200, 'Masjid Annur', -0.898271, 100.386375, 144, NULL, NULL, NULL, NULL, NULL, NULL),
	(201, 'RM Sarin Bunga', -0.899807, 100.39356, 143, NULL, NULL, NULL, NULL, NULL, NULL),
	(202, 'RM Dua Saudara', -0.899327, 100.395139, 142, NULL, NULL, NULL, NULL, NULL, NULL),
	(203, 'RM Cik Elok', -0.896694, 100.394929, 141, NULL, NULL, NULL, NULL, NULL, NULL),
	(204, 'Mari Jaya', -0.894106, 100.394797, 140, NULL, NULL, NULL, NULL, NULL, NULL),
	(205, 'Universitas Terbuka II', -0.887074, 100.393525, 139, NULL, NULL, NULL, NULL, NULL, NULL),
	(206, 'Simp Diklat RSUD', -0.886207, 100.393019, 138, NULL, NULL, NULL, NULL, NULL, NULL),
	(207, 'FKG Baiturrahmah II', -0.880732, 100.389564, 137, NULL, NULL, NULL, NULL, NULL, NULL),
	(208, 'Pusat Pemetintahan Aia Pacah II', -0.877125, 100.386933, 136, NULL, NULL, NULL, NULL, NULL, NULL),
	(209, 'Semen Padang II', -0.956401, 100.467459, 261, NULL, NULL, NULL, NULL, NULL, NULL),
	(210, 'Audio Mobil', -0.957958, 100.462299, 260, NULL, NULL, NULL, NULL, NULL, NULL),
	(211, 'Warung Dhesie', -0.95707, 100.456443, 259, NULL, NULL, NULL, NULL, NULL, NULL),
	(212, 'Muncak Motor', -0.95346, 100.452309, 258, NULL, NULL, NULL, NULL, NULL, NULL),
	(213, 'TK Adzkia V', -0.950022, 100.444322, 257, NULL, NULL, NULL, NULL, NULL, NULL),
	(214, 'Seberang Toko H Bahar', -0.949158, 100.437382, 256, NULL, NULL, NULL, NULL, NULL, NULL),
	(215, 'SDN 03 dan 05', -0.949599, 100.434414, 256, NULL, NULL, NULL, NULL, NULL, NULL),
	(216, 'Seberang BNI Syariah Bandar Buat', -0.94986, 100.432314, 255, NULL, NULL, NULL, NULL, NULL, NULL),
	(217, 'CV Tisati Persada', -0.9509, 100.428055, 254, NULL, NULL, NULL, NULL, NULL, NULL),
	(218, 'PT. Sumatex Subur', -0.952185, 100.422308, 253, NULL, NULL, NULL, NULL, NULL, NULL),
	(219, 'SD Kartika 1 - 7', -0.952676, 100.418996, 252, NULL, NULL, NULL, NULL, NULL, NULL),
	(220, 'Seberang Lap Bola SMSR Cengkeh', -0.953055, 100.416611, 251, NULL, NULL, NULL, NULL, NULL, NULL),
	(221, 'Kedai Nasi Pak Abu Cengkeh', -0.954074, 100.412392, 250, NULL, NULL, NULL, NULL, NULL, NULL),
	(222, 'Seberang SPBU Bandar Buat', -0.955844, 100.4075, 249, NULL, NULL, NULL, NULL, NULL, NULL),
	(223, 'U.D. Lima Putera Bandar Buat', -0.956542, 100.404706, 248, NULL, NULL, NULL, NULL, NULL, NULL),
	(224, 'Praktek Drg Bersama Lubeg UPI', -0.957782, 100.400884, 247, NULL, NULL, NULL, NULL, NULL, NULL),
	(225, 'UPI', -0.957624, 100.397286, 246, NULL, NULL, NULL, NULL, NULL, NULL),
	(226, 'Kubang MBR', -0.955762, 100.394242, 245, NULL, NULL, NULL, NULL, NULL, NULL),
	(227, 'Marapalam Jaya Teknik', -0.954246, 100.391775, 244, NULL, NULL, NULL, NULL, NULL, NULL),
	(228, 'Toko Dayu', -0.951687, 100.387598, 243, NULL, NULL, NULL, NULL, NULL, NULL),
	(229, 'SMP 8', -0.949295, 100.383776, 242, NULL, NULL, NULL, NULL, NULL, NULL),
	(230, 'Istana Perabot Marapalam', -0.947428, 100.38076, 241, NULL, NULL, NULL, NULL, NULL, NULL),
	(231, 'Riau Perabot Marapalam', -0.945613, 100.377824, 240, NULL, NULL, NULL, NULL, NULL, NULL),
	(232, 'Seberang SMA Kartika', -0.944572, 100.37634, 0, NULL, NULL, NULL, NULL, NULL, NULL),
	(233, 'Komplek Mandiri Simpang Haru', -0.944181, 100.373573, 264, NULL, NULL, NULL, NULL, NULL, NULL),
	(234, 'Gilang Ramadhan Studio', -0.946019, 100.368052, 263, NULL, NULL, NULL, NULL, NULL, NULL),
	(235, 'Masjid Mubarak', -0.947501, 100.36472, 262, NULL, NULL, NULL, NULL, NULL, NULL),
	(236, 'Ayam Penyet Jakarta', -0.951044, 100.365043, 0, NULL, NULL, NULL, NULL, NULL, NULL),
	(237, 'Denkesyah', -0.950767, 100.369827, 0, NULL, NULL, NULL, NULL, NULL, NULL),
	(238, 'Depan Asrama TNI', -0.949661, 100.371895, 0, NULL, NULL, NULL, NULL, NULL, NULL),
	(239, 'Wisma Kirana I', -0.947955, 100.37473, 0, NULL, NULL, NULL, NULL, NULL, NULL),
	(240, 'Two Mart Swalayan', -0.945422, 100.37756, 231, NULL, NULL, NULL, NULL, NULL, NULL),
	(241, 'Ragasa Motor', -0.947328, 100.380794, 230, NULL, NULL, NULL, NULL, NULL, NULL),
	(242, 'Koperasi Swamitra', -0.949121, 100.383693, 229, NULL, NULL, NULL, NULL, NULL, NULL),
	(243, 'Depan Polsek Padang Timur', -0.951609, 100.387693, 228, NULL, NULL, NULL, NULL, NULL, NULL),
	(244, 'CV Surya Jaya', -0.955639, 100.394308, 227, NULL, NULL, NULL, NULL, NULL, NULL),
	(245, 'Safary Bakery', -0.956222, 100.395219, 226, NULL, NULL, NULL, NULL, NULL, NULL),
	(246, 'Rozzaq Copy Centre', -0.95754, 100.397384, 225, NULL, NULL, NULL, NULL, NULL, NULL),
	(247, 'Yamaha Lubeg', -0.957934, 100.39995, 224, NULL, NULL, NULL, NULL, NULL, NULL),
	(248, 'Simpang Lubeg', -0.956803, 100.403736, 223, NULL, NULL, NULL, NULL, NULL, NULL),
	(249, 'Masjid Raya Muhammadiyah', -0.956139, 100.405821, 222, NULL, NULL, NULL, NULL, NULL, NULL),
	(250, 'Simp. Piyai', -0.95472, 100.410016, 221, NULL, NULL, NULL, NULL, NULL, NULL),
	(251, 'Lap. Bola SMSR Cengkeh', -0.953023, 100.416277, 220, NULL, NULL, NULL, NULL, NULL, NULL),
	(252, 'TK Kartika 1 - 7', -0.952498, 100.419495, 219, NULL, NULL, NULL, NULL, NULL, NULL),
	(253, 'CV Bina Putera', -0.951831, 100.423691, 218, NULL, NULL, NULL, NULL, NULL, NULL),
	(254, 'Seberang PLN Indarung', -0.951466, 100.425256, 217, NULL, NULL, NULL, NULL, NULL, NULL),
	(255, 'SMP Luki', -0.950266, 100.43012, 216, NULL, NULL, NULL, NULL, NULL, NULL),
	(256, 'Seberang Toko Anto Plastik', -0.949477, 100.434464, 215, NULL, NULL, NULL, NULL, NULL, NULL),
	(257, 'Simp. Ulu Gadut', -0.949791, 100.442777, 213, NULL, NULL, NULL, NULL, NULL, NULL),
	(258, 'Lurah Padang  Besi', -0.953404, 100.452181, 212, NULL, NULL, NULL, NULL, NULL, NULL),
	(259, 'SD 12 Padang Besi', -0.956976, 100.456542, 211, NULL, NULL, NULL, NULL, NULL, NULL),
	(260, 'SPN Padang Besi', -0.957924, 100.461998, 210, NULL, NULL, NULL, NULL, NULL, NULL),
	(261, 'Semen Padang', -0.956425, 100.467047, 209, NULL, NULL, NULL, NULL, NULL, NULL),
	(262, 'BCA', -0.947529, 100.364584, 235, NULL, NULL, NULL, NULL, NULL, NULL),
	(263, 'PT. Pembina Citra Utama', -0.945812, 100.368584, 234, NULL, NULL, NULL, NULL, NULL, NULL),
	(264, 'Stasiun Kereta', -0.943926, 100.374307, 233, NULL, NULL, NULL, NULL, NULL, NULL),
	(265, 'Bank Nagari Andalas', -0.943125, 100.376815, 310, NULL, NULL, NULL, NULL, NULL, NULL),
	(266, 'Dalas Motor', -0.941588, 100.380761, 309, NULL, NULL, NULL, NULL, NULL, NULL),
	(267, 'Depot Air Skalau Krul', -0.940183, 100.383199, 308, NULL, NULL, NULL, NULL, NULL, NULL),
	(268, 'Swalayan Aqlan', -0.938905, 100.385508, 307, NULL, NULL, NULL, NULL, NULL, NULL),
	(269, 'SMP 31', -0.938337, 100.386562, 306, NULL, NULL, NULL, NULL, NULL, NULL),
	(270, 'Nusantara Poultry Shop', -0.938001, 100.387168, 305, NULL, NULL, NULL, NULL, NULL, NULL),
	(271, 'Masjid Kebenaran Anduring', -0.93594, 100.391681, 304, NULL, NULL, NULL, NULL, NULL, NULL),
	(272, 'Klinik Segar', -0.935148, 100.394758, 303, NULL, NULL, NULL, NULL, NULL, NULL),
	(273, 'Musholla Singapura Ketaping', -0.934288, 100.397777, 302, NULL, NULL, NULL, NULL, NULL, NULL),
	(274, 'SMP Muhammadiyah 7', -0.933607, 100.400562, 301, NULL, NULL, NULL, NULL, NULL, NULL),
	(275, 'Balai Pemuda Jalan Tunggang', -0.933028, 100.402578, 300, NULL, NULL, NULL, NULL, NULL, NULL),
	(276, 'Masjid Jamiak Pauh', -0.932251, 100.40778, 299, NULL, NULL, NULL, NULL, NULL, NULL),
	(277, 'SMP 10', -0.931564, 100.413602, 298, NULL, NULL, NULL, NULL, NULL, NULL),
	(278, 'Simp. Koto Tingga', -0.930873, 100.416821, 297, NULL, NULL, NULL, NULL, NULL, NULL),
	(279, 'SMP Muhammadiyah 8', -0.930341, 100.419891, 296, NULL, NULL, NULL, NULL, NULL, NULL),
	(280, 'Seberang Kurnia Mart', -0.930358, 100.419604, 295, NULL, NULL, NULL, NULL, NULL, NULL),
	(281, 'Polsek Pauh II', -0.929837, 100.425198, 294, NULL, NULL, NULL, NULL, NULL, NULL),
	(282, 'KAN Pauh V', -0.928323, 100.428802, 293, NULL, NULL, NULL, NULL, NULL, NULL),
	(283, 'Simp Kapalo Koto', -0.925748, 100.436077, 292, NULL, NULL, NULL, NULL, NULL, NULL),
	(284, 'Simp Batu Busuk', -0.923239, 100.447564, 291, NULL, NULL, NULL, NULL, NULL, NULL),
	(285, 'PKM Unand', -0.9175, 100.455394, 290, NULL, NULL, NULL, NULL, NULL, NULL),
	(286, 'Fak Ekonomi Unand', -0.914412, 100.456906, 0, NULL, NULL, NULL, NULL, NULL, NULL),
	(287, 'Fak Pertanian Unand', -0.91035, 100.458837, 0, NULL, NULL, NULL, NULL, NULL, NULL),
	(288, 'Fak Teknik Sipil Unand', -0.914213, 100.462948, 0, NULL, NULL, NULL, NULL, NULL, NULL),
	(289, 'Fak Kedokteran Unand', -0.918529, 100.457875, 0, NULL, NULL, NULL, NULL, NULL, NULL),
	(290, 'PKM Unand II', -0.917432, 100.455546, 285, NULL, NULL, NULL, NULL, NULL, NULL),
	(291, 'Simp Batu Busuk II', -0.923319, 100.447546, 284, NULL, NULL, NULL, NULL, NULL, NULL),
	(292, 'Simp Kapalo Koto II', -0.925927, 100.436374, 283, NULL, NULL, NULL, NULL, NULL, NULL),
	(293, 'Sendik Unand BRI', -0.92769, 100.430357, 282, NULL, NULL, NULL, NULL, NULL, NULL),
	(294, 'Polsek Pauh', -0.929813, 100.425713, 281, NULL, NULL, NULL, NULL, NULL, NULL),
	(295, 'SMP Muhammadiyah 8 II', -0.930226, 100.422615, 280, NULL, NULL, NULL, NULL, NULL, NULL),
	(296, 'Kurnia Mart', -0.930485, 100.419671, 279, NULL, NULL, NULL, NULL, NULL, NULL),
	(297, 'Simpang Koto Tingga II', -0.930996, 100.416823, 278, NULL, NULL, NULL, NULL, NULL, NULL),
	(298, 'SMP 10 II', -0.931636, 100.413324, 277, NULL, NULL, NULL, NULL, NULL, NULL),
	(299, 'SD 06/17/23', -0.932381, 100.407413, 276, NULL, NULL, NULL, NULL, NULL, NULL),
	(300, 'Simp Kandang Padati', -0.933591, 100.401082, 275, NULL, NULL, NULL, NULL, NULL, NULL),
	(301, 'SD 31', -0.93366, 100.400829, 274, NULL, NULL, NULL, NULL, NULL, NULL),
	(302, 'Ghelis Salon Simp Kataping', -0.934415, 100.397741, 273, NULL, NULL, NULL, NULL, NULL, NULL),
	(303, 'Panti Motor', -0.935257, 100.394811, 272, NULL, NULL, NULL, NULL, NULL, NULL),
	(304, 'Masjid Kebenaran Anduring II', -0.936079, 100.391718, 271, NULL, NULL, NULL, NULL, NULL, NULL),
	(305, 'DBesto Simp. Anduring', -0.937469, 100.388189, 270, NULL, NULL, NULL, NULL, NULL, NULL),
	(306, 'BRI Andalas', -0.93815, 100.386948, 269, NULL, NULL, NULL, NULL, NULL, NULL),
	(307, 'Puskesmas Andalas', -0.939345, 100.384809, 268, NULL, NULL, NULL, NULL, NULL, NULL),
	(308, 'PT. Abdi Tour', -0.94092, 100.381904, 267, NULL, NULL, NULL, NULL, NULL, NULL),
	(309, 'TK Islam Budi Mulia', -0.941999, 100.380154, 266, NULL, NULL, NULL, NULL, NULL, NULL),
	(310, 'Seberang Bank Nagari Andalas', -0.943124, 100.376873, 265, NULL, NULL, NULL, NULL, NULL, NULL),
	(311, 'Soraya Bed Sheet', -0.945308, 100.370133, 263, NULL, NULL, NULL, NULL, NULL, NULL),
	(312, 'Bumi Putera', -0.945817, 100.357408, 0, NULL, NULL, NULL, NULL, NULL, NULL),
	(313, 'Panin', -0.945759, 100.355618, 0, NULL, NULL, NULL, NULL, NULL, NULL),
	(314, 'Damar Plaza II', -0.944274, 100.35455, 0, NULL, NULL, NULL, NULL, NULL, NULL),
	(315, 'McD', -0.94303, 100.355645, 0, NULL, NULL, NULL, NULL, NULL, NULL),
	(316, 'Taman Sari', -0.942826, 100.358713, 0, NULL, NULL, NULL, NULL, NULL, NULL),
	(317, 'Rumah Walikota', -0.942759, 100.360569, 0, NULL, NULL, NULL, NULL, NULL, NULL),
	(318, 'RS Siti Rahmah\r\n', -0.871082, 100.382369, NULL, NULL, NULL, NULL, NULL, NULL, NULL);
/*!40000 ALTER TABLE `halte` ENABLE KEYS */;


-- Dumping structure for table trans_padang.koridor
CREATE TABLE IF NOT EXISTS `koridor` (
  `id` int(11) NOT NULL,
  `nomor` int(11) DEFAULT NULL,
  `nama` varchar(45) DEFAULT NULL,
  `keterangan` varchar(45) DEFAULT NULL,
  `simbol` varchar(45) DEFAULT NULL,
  `line` varchar(45) DEFAULT NULL,
  `created_at` datetime DEFAULT NULL,
  `updated_at` datetime DEFAULT NULL,
  `deleted_at` datetime DEFAULT NULL,
  PRIMARY KEY (`id`)
) ENGINE=InnoDB DEFAULT CHARSET=utf8;

-- Dumping data for table trans_padang.koridor: ~12 rows (approximately)
DELETE FROM `koridor`;
/*!40000 ALTER TABLE `koridor` DISABLE KEYS */;
INSERT INTO `koridor` (`id`, `nomor`, `nama`, `keterangan`, `simbol`, `line`, `created_at`, `updated_at`, `deleted_at`) VALUES
	(0, 0, 'tidak ada', NULL, NULL, NULL, '2016-05-29 20:21:05', NULL, NULL),
	(1, 1, '1a', NULL, 'rail-metro', 'blue', '2016-05-29 19:15:46', NULL, NULL),
	(2, 1, '1b', NULL, 'rail-metro', 'blue', '2016-05-29 19:16:17', NULL, NULL),
	(3, 2, '2a', NULL, 'rail-metro', 'blue', '2016-05-29 19:18:37', NULL, NULL),
	(4, 2, '2b', NULL, 'rail-metro', 'blue', '2016-05-29 19:18:38', NULL, NULL),
	(5, 3, '3a', NULL, 'rail-metro', 'blue', '2016-05-29 19:18:39', NULL, NULL),
	(6, 3, '3b', NULL, 'rail-metro', 'blue', '2016-05-29 19:18:41', NULL, NULL),
	(7, 5, '5a', NULL, 'rail-metro', 'blue', '2016-05-29 19:18:42', NULL, NULL),
	(8, 5, '5b', NULL, 'rail-metro', 'blue', '2016-05-29 19:18:43', NULL, NULL),
	(9, 6, '6a', NULL, 'rail-metro', 'blue', '2016-05-29 19:18:44', NULL, NULL),
	(10, 6, '6b', NULL, 'rail-metro', 'blue', '2016-05-29 19:18:45', NULL, NULL),
	(11, 1, '1', NULL, 'rail-metro', 'blue', '2016-06-10 16:38:33', NULL, NULL);
/*!40000 ALTER TABLE `koridor` ENABLE KEYS */;


-- Dumping structure for table trans_padang.point
CREATE TABLE IF NOT EXISTS `point` (
  `id` int(11) NOT NULL,
  `nomor` int(11) DEFAULT NULL,
  `longitude` double DEFAULT NULL,
  `latitude` double DEFAULT NULL,
  `keterangan` varchar(45) DEFAULT NULL,
  `created_at` datetime DEFAULT NULL,
  `updated_at` datetime DEFAULT NULL,
  `deleted_at` datetime DEFAULT NULL,
  `koridor_id` int(11) NOT NULL,
  `halte_id` int(11) NOT NULL,
  PRIMARY KEY (`id`,`koridor_id`,`halte_id`),
  KEY `fk_point_rute1_idx` (`koridor_id`),
  KEY `fk_point_halte1_idx` (`halte_id`),
  CONSTRAINT `fk_point_halte1` FOREIGN KEY (`halte_id`) REFERENCES `halte` (`id`) ON DELETE NO ACTION ON UPDATE NO ACTION,
  CONSTRAINT `fk_point_rute1` FOREIGN KEY (`koridor_id`) REFERENCES `koridor` (`id`) ON DELETE NO ACTION ON UPDATE NO ACTION
) ENGINE=InnoDB DEFAULT CHARSET=utf8;

-- Dumping data for table trans_padang.point: ~977 rows (approximately)
DELETE FROM `point`;
/*!40000 ALTER TABLE `point` DISABLE KEYS */;
INSERT INTO `point` (`id`, `nomor`, `longitude`, `latitude`, `keterangan`, `created_at`, `updated_at`, `deleted_at`, `koridor_id`, `halte_id`) VALUES
	(1, 1, 100.316159, -0.809764, 'Mega Permai II', NULL, NULL, NULL, 1, 35),
	(2, 2, 100.318686, -0.81245, 'Kayu Kalek II', NULL, NULL, NULL, 1, 36),
	(3, 3, 100.320993, -0.814761, 'SGO II', NULL, NULL, NULL, 1, 37),
	(4, 4, 100.323461, -0.818239, 'SMP 15 II', NULL, NULL, NULL, 1, 38),
	(5, 5, 100.325492, -0.821743, 'Monang II', NULL, NULL, NULL, 1, 39),
	(6, 6, 100.327336, -0.825427, 'Anak Air II', NULL, NULL, NULL, 1, 40),
	(7, 7, 100.328128, -0.827099, 'Point Bantu 1a', NULL, NULL, NULL, 1, 0),
	(8, 8, 100.328213, -0.827587, 'Point Bantu 1a', NULL, NULL, NULL, 1, 0),
	(9, 9, 100.328088, -0.827988, 'Point Bantu 1a', NULL, NULL, NULL, 1, 0),
	(10, 10, 100.327468, -0.829187, 'Point Bantu 1a', NULL, NULL, NULL, 1, 0),
	(11, 11, 100.32736, -0.83033, 'Simpang Brimob', NULL, NULL, NULL, 1, 41),
	(12, 12, 100.327678, -0.833839, 'Pasar Lubuk Buaya II', NULL, NULL, NULL, 1, 42),
	(13, 13, 100.327929, -0.836176, 'Point Bantu 1a', NULL, NULL, NULL, 1, 0),
	(14, 14, 100.328598, -0.838801, 'Kalumpang II', NULL, NULL, NULL, 1, 43),
	(15, 15, 100.332084, -0.845399, 'Mutiara Putih II', NULL, NULL, NULL, 1, 44),
	(16, 16, 100.334425, -0.850389, 'Griya Bunga Mas II', NULL, NULL, NULL, 1, 45),
	(17, 17, 100.336924, -0.854759, 'Singgalang II', NULL, NULL, NULL, 1, 46),
	(18, 18, 100.338778, -0.858463, 'Muaro Panjalinan', NULL, NULL, NULL, 1, 47),
	(19, 19, 100.34011, -0.861493, 'Point Bantu 1a', NULL, NULL, NULL, 1, 0),
	(20, 20, 100.342739, -0.866866, 'Stasiun Tabing II', NULL, NULL, NULL, 1, 48),
	(21, 21, 100.345298, -0.871737, 'Asia Biskuit II', NULL, NULL, NULL, 1, 49),
	(22, 22, 100.348214, -0.877603, 'Asrama Haji II', NULL, NULL, NULL, 1, 50),
	(23, 23, 100.349578, -0.880706, 'Point Bantu 1a', NULL, NULL, NULL, 1, 0),
	(24, 24, 100.350842, -0.884255, 'Simpang GIA II', NULL, NULL, NULL, 1, 51),
	(25, 25, 100.351759, -0.887813, 'Point Bantu 1a', NULL, NULL, NULL, 1, 0),
	(26, 26, 100.352342, -0.891811, 'Tunggul Hitam II', NULL, NULL, NULL, 1, 52),
	(27, 27, 100.352498, -0.89529, 'Point Bantu 1a', NULL, NULL, NULL, 1, 0),
	(28, 28, 100.35204, -0.896783, 'UNP II', NULL, NULL, NULL, 1, 53),
	(29, 29, 100.350739, -0.900503, 'Basko', NULL, NULL, NULL, 1, 54),
	(30, 30, 100.350567, -0.901072, 'Point Bantu 1a', NULL, NULL, NULL, 1, 0),
	(31, 31, 100.350519, -0.902322, 'Point Bantu 1a', NULL, NULL, NULL, 1, 0),
	(32, 32, 100.351066, -0.904232, 'Point Bantu 1a', NULL, NULL, NULL, 1, 0),
	(33, 33, 100.351139, -0.9059, 'Point Bantu 1a', NULL, NULL, NULL, 1, 0),
	(34, 34, 100.351807, -0.905945, 'Point Bantu 1a', NULL, NULL, NULL, 1, 0),
	(35, 35, 100.35276, -0.907072, 'DPRD II', NULL, NULL, NULL, 1, 55),
	(36, 36, 100.355499, -0.910609, 'Elang Perkasa II', NULL, NULL, NULL, 1, 56),
	(37, 37, 100.357151, -0.912672, 'RS Jantung II', NULL, NULL, NULL, 1, 57),
	(38, 38, 100.358689, -0.914911, 'AKBP II', NULL, NULL, NULL, 1, 58),
	(39, 39, 100.360698, -0.918165, 'Belanti II', NULL, NULL, NULL, 1, 59),
	(40, 40, 100.361312, -0.919728, 'Point Bantu 1a', NULL, NULL, NULL, 1, 0),
	(41, 41, 100.361433, -0.923794, 'Masjid Raya II', NULL, NULL, NULL, 1, 60),
	(42, 42, 100.361285, -0.926868, 'Telkom Padang Baru II', NULL, NULL, NULL, 1, 61),
	(43, 43, 100.361291, -0.929404, 'GOR II', NULL, NULL, NULL, 1, 62),
	(44, 44, 100.361275, -0.933528, 'BTN II', NULL, NULL, NULL, 1, 63),
	(45, 45, 100.361373, -0.93698, 'Yos Sudarso', NULL, NULL, NULL, 1, 64),
	(46, 46, 100.361404, -0.938888, 'Point Bantu 1a', NULL, NULL, NULL, 1, 0),
	(47, 47, 100.361635, -0.940575, 'Korem II', NULL, NULL, NULL, 1, 65),
	(48, 48, 100.362458, -0.944927, 'IAIN II', NULL, NULL, NULL, 1, 66),
	(49, 49, 100.362839, -0.946869, 'Mahmil', NULL, NULL, NULL, 1, 67),
	(50, 50, 100.363465, -0.949483, 'Hotel Padang', NULL, NULL, NULL, 1, 68),
	(51, 51, 100.363764, -0.951356, 'Point Bantu 1a', NULL, NULL, NULL, 1, 0),
	(52, 52, 100.361216, -0.951443, 'Point Bantu 1a', NULL, NULL, NULL, 1, 0),
	(53, 53, 100.361594, -0.953453, 'Point Bantu 1a', NULL, NULL, NULL, 1, 0),
	(54, 54, 100.361699, -0.954681, 'Point Bantu 1a', NULL, NULL, NULL, 1, 0),
	(55, 55, 100.361848, -0.955695, 'Point Bantu 1a', NULL, NULL, NULL, 1, 0),
	(56, 56, 100.362576, -0.955383, 'Masjid Nurul Iman', NULL, NULL, NULL, 1, 70),
	(57, 1, 100.363513, -0.952708, 'RTH Imam Bonjol I', NULL, NULL, NULL, 2, 1),
	(58, 2, 100.363738, -0.951339, 'Poin Bantu 1b', NULL, NULL, NULL, 2, 0),
	(59, 3, 100.363485, -0.94983, 'Kantor Pos', NULL, NULL, NULL, 2, 2),
	(60, 4, 100.36275, -0.947088, 'SMP 1', NULL, NULL, NULL, 2, 3),
	(61, 5, 100.362239, -0.94485, 'IAIN I', NULL, NULL, NULL, 2, 4),
	(62, 6, 100.361448, -0.94052, 'Korem I', NULL, NULL, NULL, 2, 5),
	(63, 7, 100.361151, -0.937019, 'Kantor Gubernur', NULL, NULL, NULL, 2, 6),
	(64, 8, 100.361206, -0.933066, 'BTN I', NULL, NULL, NULL, 2, 7),
	(65, 9, 100.361276, -0.929559, 'GOR I', NULL, NULL, NULL, 2, 8),
	(66, 10, 100.36125, -0.927609, 'Telkom Padang Baru I', NULL, NULL, NULL, 2, 9),
	(67, 11, 100.36125, -0.92258, 'Masjid Raya I', NULL, NULL, NULL, 2, 10),
	(68, 12, 100.361263, -0.920005, 'Poin Bantu 1b', NULL, NULL, NULL, 2, 0),
	(69, 13, 100.361146, -0.919604, 'Poin Bantu 1b', NULL, NULL, NULL, 2, 0),
	(70, 14, 100.360565, -0.918575, 'Belanti I', NULL, NULL, NULL, 2, 11),
	(71, 15, 100.358458, -0.914956, 'AKBP I', NULL, NULL, NULL, 2, 12),
	(72, 16, 100.357921, -0.914004, 'Poin Bantu 1b', NULL, NULL, NULL, 2, 0),
	(73, 17, 100.357059, -0.91283, 'RS Jantung I', NULL, NULL, NULL, 2, 13),
	(74, 18, 100.355464, -0.910631, 'Elang Perkasa I', NULL, NULL, NULL, 2, 14),
	(75, 19, 100.352863, -0.907416, 'DPRD I', NULL, NULL, NULL, 2, 15),
	(76, 20, 100.35176, -0.906101, 'Poin Bantu 1b', NULL, NULL, NULL, 2, 0),
	(77, 21, 100.351029, -0.906037, 'Poin Bantu 1b', NULL, NULL, NULL, 2, 0),
	(78, 22, 100.351066, -0.904244, 'Poin Bantu 1b', NULL, NULL, NULL, 2, 0),
	(79, 23, 100.350404, -0.902318, 'Poin Bantu 1b', NULL, NULL, NULL, 2, 0),
	(80, 24, 100.350437, -0.901047, 'Simpang Labor', NULL, NULL, NULL, 2, 16),
	(81, 25, 100.351686, -0.897393, 'UNP I', NULL, NULL, NULL, 2, 17),
	(82, 26, 100.352371, -0.895418, 'Poin Bantu 1b', NULL, NULL, NULL, 2, 0),
	(83, 27, 100.352177, -0.891828, 'Tunggul Hitam I', NULL, NULL, NULL, 2, 18),
	(84, 28, 100.350686, -0.88418, 'Simpang GIA I', NULL, NULL, NULL, 2, 19),
	(85, 29, 100.348089, -0.877587, 'Asrama Haji I', NULL, NULL, NULL, 2, 20),
	(86, 30, 100.345233, -0.87195, 'Asia Biskuit I', NULL, NULL, NULL, 2, 21),
	(87, 31, 100.34226, -0.866227, 'Stasiun Tabing I', NULL, NULL, NULL, 2, 22),
	(88, 32, 100.338845, -0.858981, 'Pasir Jambak I', NULL, NULL, NULL, 2, 23),
	(89, 33, 100.337297, -0.855633, 'Singgalang I', NULL, NULL, NULL, 2, 24),
	(90, 34, 100.334267, -0.850339, 'Griya Bunga Mas I', NULL, NULL, NULL, 2, 25),
	(91, 35, 100.332301, -0.846174, 'Mutiara Putih I', NULL, NULL, NULL, 2, 26),
	(92, 36, 100.328468, -0.838882, 'Kalumpang I', NULL, NULL, NULL, 2, 27),
	(93, 37, 100.327665, -0.83579, 'Poin Bantu 1b', NULL, NULL, NULL, 2, 0),
	(94, 38, 100.327402, -0.831705, 'Pasar Lubuk Buaya I', NULL, NULL, NULL, 2, 28),
	(95, 39, 100.327241, -0.829393, 'Poin Bantu 1b', NULL, NULL, NULL, 2, 0),
	(96, 40, 100.327956, -0.827838, 'Poin Bantu 1b', NULL, NULL, NULL, 2, 0),
	(97, 41, 100.327836, -0.826896, 'Anak Air I', NULL, NULL, NULL, 2, 29),
	(98, 42, 100.325331, -0.821743, 'Monang I', NULL, NULL, NULL, 2, 30),
	(99, 43, 100.32352, -0.818582, 'SMP 15 I', NULL, NULL, NULL, 2, 31),
	(100, 44, 100.320959, -0.814877, 'SGO I', NULL, NULL, NULL, 2, 32),
	(101, 45, 100.31757, -0.811526, 'Kayu Kalek I', NULL, NULL, NULL, 2, 33),
	(102, 46, 100.316339, -0.810192, 'Mega Permai I', NULL, NULL, NULL, 2, 34),
	(103, 1, 100.416226, -1.073225, 'Point Bantu 2a', NULL, NULL, NULL, 3, 0),
	(104, 2, 100.415774, -1.072743, 'Point Bantu 2a', NULL, NULL, NULL, 3, 0),
	(105, 3, 100.413406, -1.07241, 'Simp Masjid Perahu Siddiq', NULL, NULL, NULL, 3, 100),
	(106, 4, 100.413264, -1.07235, 'Point Bantu 2a', NULL, NULL, NULL, 3, 0),
	(107, 5, 100.413185, -1.072217, 'Point Bantu 2a', NULL, NULL, NULL, 3, 0),
	(108, 6, 100.413548, -1.07093, 'Point Bantu 2a', NULL, NULL, NULL, 3, 0),
	(109, 7, 100.413657, -1.070346, 'Point Bantu 2a', NULL, NULL, NULL, 3, 0),
	(110, 8, 100.413663, -1.067996, 'Point Bantu 2a', NULL, NULL, NULL, 3, 0),
	(111, 9, 100.413568, -1.067339, 'Point Bantu 2a', NULL, NULL, NULL, 3, 0),
	(112, 10, 100.413516, -1.066431, 'Masjid Jamiak Bungus', NULL, NULL, NULL, 3, 101),
	(113, 11, 100.413961, -1.063358, 'Point Bantu 2a', NULL, NULL, NULL, 3, 0),
	(114, 12, 100.41411, -1.062652, 'Point Bantu 2a', NULL, NULL, NULL, 3, 0),
	(115, 13, 100.414829, -1.06167, 'Pondok Lesehan Pantai Cinta', NULL, NULL, NULL, 3, 102),
	(116, 14, 100.415076, -1.061443, 'Point Bantu 2a', NULL, NULL, NULL, 3, 0),
	(117, 15, 100.415338, -1.060817, 'Point Bantu 2a', NULL, NULL, NULL, 3, 0),
	(118, 16, 100.413961, -1.063356, 'Point Bantu 2a', NULL, NULL, NULL, 3, 0),
	(119, 17, 100.414111, -1.062656, 'Point Bantu 2a', NULL, NULL, NULL, 3, 0),
	(120, 18, 100.415079, -1.06144, 'Point Bantu 2a', NULL, NULL, NULL, 3, 0),
	(121, 19, 100.415339, -1.060816, 'Point Bantu 2a', NULL, NULL, NULL, 3, 0),
	(122, 20, 100.414475, -1.057495, 'Point Bantu 2a', NULL, NULL, NULL, 3, 0),
	(123, 21, 100.41439, -1.056187, 'Point Bantu 2a', NULL, NULL, NULL, 3, 0),
	(124, 22, 100.413498, -1.054804, 'Point Bantu 2a', NULL, NULL, NULL, 3, 0),
	(125, 23, 100.41332, -1.054754, 'Ari Zulvi Cell', NULL, NULL, NULL, 3, 103),
	(126, 24, 100.412603, -1.054588, 'Point Bantu 2a', NULL, NULL, NULL, 3, 0),
	(127, 25, 100.411617, -1.052837, 'Point Bantu 2a', NULL, NULL, NULL, 3, 0),
	(128, 26, 100.411386, -1.052287, 'Point Bantu 2a', NULL, NULL, NULL, 3, 0),
	(129, 27, 100.411361, -1.051066, 'Point Bantu 2a', NULL, NULL, NULL, 3, 0),
	(130, 28, 100.412553, -1.046741, 'Kantor Camat Bungus', NULL, NULL, NULL, 3, 104),
	(131, 29, 100.41305, -1.04544, 'Point Bantu 2a', NULL, NULL, NULL, 3, 0),
	(132, 30, 100.413242, -1.045078, 'Point Bantu 2a', NULL, NULL, NULL, 3, 0),
	(133, 31, 100.41327, -1.043686, 'Point Bantu 2a', NULL, NULL, NULL, 3, 0),
	(134, 32, 100.412865, -1.041638, 'Point Bantu 2a', NULL, NULL, NULL, 3, 0),
	(135, 33, 100.411729, -1.039021, 'Point Bantu 2a', NULL, NULL, NULL, 3, 0),
	(136, 34, 100.41198, -1.039466, 'Masjid Nurul Yakin', NULL, NULL, NULL, 3, 105),
	(137, 35, 100.410729, -1.037871, 'Puskesmas Bungus II', NULL, NULL, NULL, 3, 106),
	(138, 36, 100.409996, -1.036827, 'Point Bantu 2a', NULL, NULL, NULL, 3, 0),
	(139, 37, 100.410058, -1.03667, 'Point Bantu 2a', NULL, NULL, NULL, 3, 0),
	(140, 38, 100.411533, -1.035018, 'Point Bantu 2a', NULL, NULL, NULL, 3, 0),
	(141, 39, 100.412899, -1.034255, 'SMP 19 II', NULL, NULL, NULL, 3, 107),
	(142, 40, 100.413438, -1.033896, 'Point Bantu 2a', NULL, NULL, NULL, 3, 0),
	(143, 41, 100.414105, -1.032713, 'Point Bantu 2a', NULL, NULL, NULL, 3, 0),
	(144, 42, 100.41509, -1.031458, 'RM Sakinah', NULL, NULL, NULL, 3, 108),
	(145, 43, 100.413374, -1.027792, 'Point Bantu 2a', NULL, NULL, NULL, 3, 0),
	(146, 44, 100.416201, -1.030202, 'Point Bantu 2a', NULL, NULL, NULL, 3, 0),
	(147, 45, 100.415971, -1.029836, 'Point Bantu 2a', NULL, NULL, NULL, 3, 0),
	(148, 46, 100.415095, -1.029194, 'Point Bantu 2a', NULL, NULL, NULL, 3, 0),
	(149, 47, 100.414115, -1.027895, 'Point Bantu 2a', NULL, NULL, NULL, 3, 0),
	(150, 48, 100.412272, -1.027939, 'Kampus II MAN 1 Padang II', NULL, NULL, NULL, 3, 109),
	(151, 49, 100.408835, -1.028561, 'Point Bantu 2a', NULL, NULL, NULL, 3, 0),
	(152, 50, 100.405038, -1.027999, 'Point Bantu 2a', NULL, NULL, NULL, 3, 0),
	(153, 51, 100.403146, -1.028245, 'Pelabuhan Penyebrangan Bungus II', NULL, NULL, NULL, 3, 110),
	(154, 52, 100.400502, -1.028129, 'Point Bantu 2a', NULL, NULL, NULL, 3, 0),
	(155, 53, 100.400484, -1.028057, 'Point Bantu 2a', NULL, NULL, NULL, 3, 0),
	(156, 54, 100.399217, -1.027474, 'PPS Bungus II', NULL, NULL, NULL, 3, 111),
	(157, 55, 100.398149, -1.026735, 'Point Bantu 2a', NULL, NULL, NULL, 3, 0),
	(158, 56, 100.398101, -1.026087, 'Point Bantu 2a', NULL, NULL, NULL, 3, 0),
	(159, 57, 100.397869, -1.025507, 'Point Bantu 2a', NULL, NULL, NULL, 3, 0),
	(160, 58, 100.398004, -1.02495, 'Point Bantu 2a', NULL, NULL, NULL, 3, 0),
	(161, 59, 100.397663, -1.024799, 'Point Bantu 2a', NULL, NULL, NULL, 3, 0),
	(162, 60, 100.39562, -1.02584, 'Point Bantu 2a', NULL, NULL, NULL, 3, 0),
	(163, 61, 100.394398, -1.027094, 'Point Bantu 2a', NULL, NULL, NULL, 3, 0),
	(164, 62, 100.393404, -1.02793, 'Point Bantu 2a', NULL, NULL, NULL, 3, 0),
	(165, 63, 100.391628, -1.029363, 'Point Bantu 2a', NULL, NULL, NULL, 3, 0),
	(166, 64, 100.390639, -1.031083, 'Point Bantu 2a', NULL, NULL, NULL, 3, 0),
	(167, 65, 100.390706, -1.031366, 'Point Bantu 2a', NULL, NULL, NULL, 3, 0),
	(168, 66, 100.391198, -1.031607, 'Point Bantu 2a', NULL, NULL, NULL, 3, 0),
	(169, 67, 100.391288, -1.032157, 'Point Bantu 2a', NULL, NULL, NULL, 3, 0),
	(170, 68, 100.390806, -1.033307, 'Point Bantu 2a', NULL, NULL, NULL, 3, 0),
	(171, 69, 100.390723, -1.034076, 'Point Bantu 2a', NULL, NULL, NULL, 3, 0),
	(172, 70, 100.38996, -1.034606, 'Point Bantu 2a', NULL, NULL, NULL, 3, 0),
	(173, 71, 100.38898, -1.034694, 'Point Bantu 2a', NULL, NULL, NULL, 3, 0),
	(174, 72, 100.388154, -1.03537, 'Point Bantu 2a', NULL, NULL, NULL, 3, 0),
	(175, 73, 100.386711, -1.037124, 'Point Bantu 2a', NULL, NULL, NULL, 3, 0),
	(176, 74, 100.386161, -1.038052, 'Point Bantu 2a', NULL, NULL, NULL, 3, 0),
	(177, 75, 100.385137, -1.038947, 'Point Bantu 2a', NULL, NULL, NULL, 3, 0),
	(178, 76, 100.383873, -1.040881, 'Point Bantu 2a', NULL, NULL, NULL, 3, 0),
	(179, 77, 100.383629, -1.041045, 'Point Bantu 2a', NULL, NULL, NULL, 3, 0),
	(180, 78, 100.382455, -1.040971, 'Point Bantu 2a', NULL, NULL, NULL, 3, 0),
	(181, 79, 100.381844, -1.041166, 'Point Bantu 2a', NULL, NULL, NULL, 3, 0),
	(182, 80, 100.380896, -1.040728, 'Point Bantu 2a', NULL, NULL, NULL, 3, 0),
	(183, 81, 100.380802, -1.040482, 'Point Bantu 2a', NULL, NULL, NULL, 3, 0),
	(184, 82, 100.380994, -1.03952, 'Point Bantu 2a', NULL, NULL, NULL, 3, 0),
	(185, 83, 100.381445, -1.038901, 'Point Bantu 2a', NULL, NULL, NULL, 3, 0),
	(186, 84, 100.381455, -1.038434, 'Point Bantu 2a', NULL, NULL, NULL, 3, 0),
	(187, 85, 100.381684, -1.03746, 'Point Bantu 2a', NULL, NULL, NULL, 3, 0),
	(188, 86, 100.381504, -1.035208, 'Point Bantu 2a', NULL, NULL, NULL, 3, 0),
	(189, 87, 100.381166, -1.034473, 'Point Bantu 2a', NULL, NULL, NULL, 3, 0),
	(190, 88, 100.38122, -1.034247, 'Point Bantu 2a', NULL, NULL, NULL, 3, 0),
	(191, 89, 100.381807, -1.033795, 'Point Bantu 2a', NULL, NULL, NULL, 3, 0),
	(192, 90, 100.38208, -1.033826, 'Point Bantu 2a', NULL, NULL, NULL, 3, 0),
	(193, 91, 100.382966, -1.034263, 'Point Bantu 2a', NULL, NULL, NULL, 3, 0),
	(194, 92, 100.383196, -1.034139, 'Point Bantu 2a', NULL, NULL, NULL, 3, 0),
	(195, 93, 100.383323, -1.033769, 'Point Bantu 2a', NULL, NULL, NULL, 3, 0),
	(196, 94, 100.383557, -1.033555, 'Point Bantu 2a', NULL, NULL, NULL, 3, 0),
	(197, 95, 100.384362, -1.033662, 'Point Bantu 2a', NULL, NULL, NULL, 3, 0),
	(198, 96, 100.384693, -1.031911, 'Point Bantu 2a', NULL, NULL, NULL, 3, 0),
	(199, 97, 100.38597, -1.030965, 'Point Bantu 2a', NULL, NULL, NULL, 3, 0),
	(200, 98, 100.386462, -1.029863, 'Point Bantu 2a', NULL, NULL, NULL, 3, 0),
	(201, 99, 100.386511, -1.029197, 'Point Bantu 2a', NULL, NULL, NULL, 3, 0),
	(202, 100, 100.387221, -1.02876, 'Point Bantu 2a', NULL, NULL, NULL, 3, 0),
	(203, 101, 100.387802, -1.027608, 'Point Bantu 2a', NULL, NULL, NULL, 3, 0),
	(204, 102, 100.388212, -1.025855, 'Point Bantu 2a', NULL, NULL, NULL, 3, 0),
	(205, 103, 100.388594, -1.025185, 'Point Bantu 2a', NULL, NULL, NULL, 3, 0),
	(206, 104, 100.388649, -1.02463, 'Point Bantu 2a', NULL, NULL, NULL, 3, 0),
	(207, 105, 100.388937, -1.023845, 'Point Bantu 2a', NULL, NULL, NULL, 3, 0),
	(208, 106, 100.389377, -1.021911, 'Point Bantu 2a', NULL, NULL, NULL, 3, 0),
	(209, 107, 100.389403, -1.021283, 'Point Bantu 2a', NULL, NULL, NULL, 3, 0),
	(210, 108, 100.389691, -1.020147, 'Point Bantu 2a', NULL, NULL, NULL, 3, 0),
	(211, 109, 100.389638, -1.01815, 'Point Bantu 2a', NULL, NULL, NULL, 3, 0),
	(212, 110, 100.390427, -1.01752, 'Point Bantu 2a', NULL, NULL, NULL, 3, 0),
	(213, 111, 100.390489, -1.016065, 'Point Bantu 2a', NULL, NULL, NULL, 3, 0),
	(214, 112, 100.390894, -1.015042, 'Point Bantu 2a', NULL, NULL, NULL, 3, 0),
	(215, 113, 100.391229, -1.014562, 'Point Bantu 2a', NULL, NULL, NULL, 3, 0),
	(216, 114, 100.391435, -1.013396, 'Point Bantu 2a', NULL, NULL, NULL, 3, 0),
	(217, 115, 100.391251, -1.012417, 'Point Bantu 2a', NULL, NULL, NULL, 3, 0),
	(218, 116, 100.391271, -1.012055, 'Surau Gonjong Nirwana', NULL, NULL, NULL, 3, 112),
	(219, 117, 100.391506, -1.011556, 'Point Bantu 2a', NULL, NULL, NULL, 3, 0),
	(220, 118, 100.392193, -1.010835, 'Point Bantu 2a', NULL, NULL, NULL, 3, 0),
	(221, 119, 100.392408, -1.010377, 'Point Bantu 2a', NULL, NULL, NULL, 3, 0),
	(222, 120, 100.392489, -1.009268, 'Point Bantu 2a', NULL, NULL, NULL, 3, 0),
	(223, 121, 100.391768, -1.008064, 'Pabrik Karet II', NULL, NULL, NULL, 3, 113),
	(224, 122, 100.391379, -1.007413, 'Point Bantu 2a', NULL, NULL, NULL, 3, 0),
	(225, 123, 100.390632, -1.007213, 'Point Bantu 2a', NULL, NULL, NULL, 3, 0),
	(226, 124, 100.38882, -1.007429, 'Point Bantu 2a', NULL, NULL, NULL, 3, 0),
	(227, 125, 100.388114, -1.008402, 'Point Bantu 2a', NULL, NULL, NULL, 3, 0),
	(228, 126, 100.387346, -1.008857, 'Point Bantu 2a', NULL, NULL, NULL, 3, 0),
	(229, 127, 100.386577, -1.008804, 'Point Bantu 2a', NULL, NULL, NULL, 3, 0),
	(230, 128, 100.386156, -1.00839, 'Point Bantu 2a', NULL, NULL, NULL, 3, 0),
	(231, 129, 100.38587, -1.007547, 'Point Bantu 2a', NULL, NULL, NULL, 3, 0),
	(232, 130, 100.386265, -1.005525, 'Point Bantu 2a', NULL, NULL, NULL, 3, 0),
	(233, 131, 100.387003, -1.005057, 'Point Bantu 2a', NULL, NULL, NULL, 3, 0),
	(234, 132, 100.38733, -1.004689, 'Point Bantu 2a', NULL, NULL, NULL, 3, 0),
	(235, 133, 100.387801, -1.003304, 'Point Bantu 2a', NULL, NULL, NULL, 3, 0),
	(236, 134, 100.387779, -1.001734, 'Point Bantu 2a', NULL, NULL, NULL, 3, 0),
	(237, 135, 100.387165, -1.000856, 'Masjid Nurul Falah', NULL, NULL, NULL, 3, 114),
	(238, 136, 100.387179, -1.000821, 'Point Bantu 2a', NULL, NULL, NULL, 3, 0),
	(239, 137, 100.386689, -1.00052, 'Point Bantu 2a', NULL, NULL, NULL, 3, 0),
	(240, 138, 100.385267, -0.995176, 'Toko Gani', NULL, NULL, NULL, 3, 115),
	(241, 139, 100.384836, -0.993957, 'Point Bantu 2a', NULL, NULL, NULL, 3, 0),
	(242, 140, 100.38364, -0.992006, 'Pasar Gaung II', NULL, NULL, NULL, 3, 116),
	(243, 141, 100.383232, -0.991095, 'Point Bantu 2a', NULL, NULL, NULL, 3, 0),
	(244, 142, 100.382386, -0.990274, 'Point Bantu 2a', NULL, NULL, NULL, 3, 0),
	(245, 143, 100.382861, -0.989351, 'Lantamal II', NULL, NULL, NULL, 3, 0),
	(246, 144, 100.383621, -0.988202, 'Point Bantu 2a', NULL, NULL, NULL, 3, 0),
	(247, 145, 100.383525, -0.987752, 'Point Bantu 2a', NULL, NULL, NULL, 3, 0),
	(248, 146, 100.384074, -0.986658, 'Point Bantu 2a', NULL, NULL, NULL, 3, 0),
	(249, 147, 100.384129, -0.986149, 'Point Bantu 2a', NULL, NULL, NULL, 3, 0),
	(250, 148, 100.383807, -0.984923, 'Simp. Jondul', NULL, NULL, NULL, 3, 0),
	(251, 149, 100.382597, -0.980589, 'Point Bantu 2a', NULL, NULL, NULL, 3, 0),
	(252, 150, 100.381382, -0.978858, 'Kantor Dishub Mata Air', NULL, NULL, NULL, 3, 0),
	(253, 151, 100.380016, -0.976835, 'Point Bantu 2a', NULL, NULL, NULL, 3, 0),
	(254, 152, 100.378837, -0.975842, 'Rumah Jahit Yuniq', NULL, NULL, NULL, 3, 0),
	(255, 153, 100.378062, -0.975161, 'Point Bantu 2a', NULL, NULL, NULL, 3, 0),
	(256, 154, 100.377993, -0.974752, 'SMP 20 II', NULL, NULL, NULL, 3, 0),
	(257, 155, 100.378105, -0.972548, 'Simp Cendana Mata Air II', NULL, NULL, NULL, 3, 0),
	(258, 156, 100.378111, -0.972075, 'Point Bantu 2a', NULL, NULL, NULL, 3, 0),
	(259, 157, 100.378689, -0.971002, 'Point Bantu 2a', NULL, NULL, NULL, 3, 0),
	(260, 158, 100.379125, -0.96207, 'Sinar Maju Jaya', NULL, NULL, NULL, 3, 0),
	(261, 159, 100.379004, -0.961414, 'Point Bantu 2a', NULL, NULL, NULL, 3, 0),
	(262, 160, 100.378721, -0.959435, 'Point Bantu 2a', NULL, NULL, NULL, 3, 0),
	(263, 161, 100.377899, -0.958427, 'Point Bantu 2a', NULL, NULL, NULL, 3, 0),
	(264, 162, 100.375856, -0.957424, 'Kantor Pengacara Rini Arti', NULL, NULL, NULL, 3, 0),
	(265, 163, 100.374665, -0.957032, 'Point Bantu 2a', NULL, NULL, NULL, 3, 0),
	(266, 164, 100.373146, -0.95694, 'Simp Seberang Padang', NULL, NULL, NULL, 3, 0),
	(267, 165, 100.370747, -0.956849, 'Point Bantu 2a', NULL, NULL, NULL, 3, 0),
	(268, 166, 100.370117, -0.956336, 'SMK Dhuafa Nusantara II', NULL, NULL, NULL, 3, 0),
	(269, 167, 100.369427, -0.955725, 'Point Bantu 2a', NULL, NULL, NULL, 3, 0),
	(270, 168, 100.369018, -0.955751, 'Point Bantu 2a', NULL, NULL, NULL, 3, 0),
	(271, 169, 100.367652, -0.955408, 'Hotel Aliga', NULL, NULL, NULL, 3, 0),
	(272, 170, 100.367056, -0.955192, 'Point Bantu 2a', NULL, NULL, NULL, 3, 0),
	(273, 171, 100.36563, -0.954024, 'Point Bantu 2a', NULL, NULL, NULL, 3, 0),
	(274, 172, 100.36495, -0.953951, 'Point Bantu 2a', NULL, NULL, NULL, 3, 0),
	(275, 173, 100.364475, -0.954066, 'Point Bantu 2a', NULL, NULL, NULL, 3, 0),
	(276, 174, 100.364378, -0.954323, 'Rendang Alang Laweh', NULL, NULL, NULL, 3, 0),
	(277, 175, 100.362245, -0.955643, 'Point Bantu 2a', NULL, NULL, NULL, 3, 0),
	(278, 176, 100.361845, -0.95571, 'Point Bantu 2a', NULL, NULL, NULL, 3, 0),
	(279, 177, 100.363513, -0.952708, 'RTH Imam Bonjol I', NULL, NULL, NULL, 3, 1),
	(310, 1, 100.363513, -0.952708, 'RTH Imam Bonjol I', NULL, NULL, NULL, 4, 1),
	(311, 2, 100.364475, -0.954066, 'Poin Bantu 2b', NULL, NULL, NULL, 4, 0),
	(312, 3, 100.36495, -0.953951, 'Poin Bantu IIB', NULL, NULL, NULL, 4, 0),
	(313, 4, 100.36563, -0.954024, 'Bulog Divre Sumbar', NULL, NULL, NULL, 4, 71),
	(314, 5, 100.367056, -0.955192, 'Poin Bantu IIB', NULL, NULL, NULL, 4, 0),
	(315, 6, 100.367947, -0.955377, 'Grand Hotel Sari', NULL, NULL, NULL, 4, 72),
	(316, 7, 100.369018, -0.955751, 'Poin Bantu IIB', NULL, NULL, NULL, 4, 0),
	(317, 8, 100.369427, -0.955725, 'Poin Bantu IIB', NULL, NULL, NULL, 4, 0),
	(318, 9, 100.370388, -0.956442, 'SMK Dhuafa Nusantara', NULL, NULL, NULL, 4, 73),
	(319, 10, 100.370747, -0.956849, 'Poin Bantu IIB', NULL, NULL, NULL, 4, 0),
	(320, 11, 100.373854, -0.956869, 'Simp STIA LPPN Padang', NULL, NULL, NULL, 4, 74),
	(321, 12, 100.374108, -0.956936, 'Apotik Raisa', NULL, NULL, NULL, 4, 75),
	(322, 13, 100.375796, -0.957381, 'Poin Bantu IIB', NULL, NULL, NULL, 4, 0),
	(323, 14, 100.377899, -0.958427, 'Poin Bantu IIB', NULL, NULL, NULL, 4, 0),
	(324, 15, 100.378721, -0.959435, 'Poin Bantu IIB', NULL, NULL, NULL, 4, 0),
	(325, 16, 100.379004, -0.961414, 'Poin Bantu IIB', NULL, NULL, NULL, 4, 0),
	(326, 17, 100.379278, -0.962225, 'Simp Jembatan Bual', NULL, NULL, NULL, 4, 76),
	(327, 18, 100.378689, -0.971002, 'Poin Bantu IIB', NULL, NULL, NULL, 4, 0),
	(328, 19, 100.37819, -0.972117, 'Simp Cendana Mata Air', NULL, NULL, NULL, 4, 77),
	(329, 20, 100.378176, -0.973098, 'SMP 20', NULL, NULL, NULL, 4, 78),
	(330, 21, 100.378062, -0.975161, 'Poin Bantu IIB', NULL, NULL, NULL, 4, 0),
	(331, 22, 100.378552, -0.975566, 'Klinik dan Apotik Cempaka Indah', NULL, NULL, NULL, 4, 79),
	(332, 23, 100.380016, -0.976835, 'Poin Bantu IIB', NULL, NULL, NULL, 4, 0),
	(333, 24, 100.380777, -0.97786, 'Bulog Rawang Timur', NULL, NULL, NULL, 4, 80),
	(334, 25, 100.382597, -0.980589, 'Poin Bantu IIB', NULL, NULL, NULL, 4, 0),
	(335, 26, 100.382802, -0.981163, 'Pool HPS', NULL, NULL, NULL, 4, 81),
	(336, 27, 100.384129, -0.986149, 'Poin Bantu IIB', NULL, NULL, NULL, 4, 0),
	(337, 28, 100.384074, -0.986658, 'Poin Bantu IIB', NULL, NULL, NULL, 4, 0),
	(338, 29, 100.383525, -0.987752, 'Poin Bantu IIB', NULL, NULL, NULL, 4, 0),
	(339, 30, 100.383621, -0.988202, 'Poin Bantu IIB', NULL, NULL, NULL, 4, 0),
	(340, 31, 100.38328, -0.988994, 'Lantamal', NULL, NULL, NULL, 4, 82),
	(341, 32, 100.382386, -0.990274, 'Poin Bantu IIB', NULL, NULL, NULL, 4, 0),
	(342, 33, 100.383232, -0.991095, 'Poin Bantu IIB', NULL, NULL, NULL, 4, 0),
	(343, 35, 100.383657, -0.991894, 'Pasar Gaung', NULL, NULL, NULL, 4, 83),
	(344, 36, 100.384836, -0.993957, 'Poin Bantu IIB', NULL, NULL, NULL, 4, 0),
	(345, 37, 100.385328, -0.995099, 'Toko Gani', NULL, NULL, NULL, 4, 84),
	(346, 38, 100.385537, -0.996126, 'Poin Bantu IIB', NULL, NULL, NULL, 4, 0),
	(347, 39, 100.386271, -0.997426, 'Poin Bantu IIB', NULL, NULL, NULL, 4, 0),
	(348, 40, 100.386667, -0.999803, 'Poin Bantu IIB', NULL, NULL, NULL, 4, 0),
	(349, 41, 100.386689, -1.00052, 'Poin Bantu IIB', NULL, NULL, NULL, 4, 0),
	(350, 42, 100.387179, -1.000821, 'Poin Bantu IIB', NULL, NULL, NULL, 4, 0),
	(351, 43, 100.387856, -1.001715, 'Masjid Al Qohar', NULL, NULL, NULL, 4, 85),
	(352, 44, 100.387801, -1.003304, 'Poin Bantu IIB', NULL, NULL, NULL, 4, 0),
	(353, 45, 100.38733, -1.004689, 'Poin Bantu IIB', NULL, NULL, NULL, 4, 0),
	(354, 46, 100.387003, -1.005057, 'Poin Bantu IIB', NULL, NULL, NULL, 4, 0),
	(355, 47, 100.386265, -1.005525, 'Poin Bantu IIB', NULL, NULL, NULL, 4, 0),
	(356, 48, 100.38587, -1.007547, 'Poin Bantu IIB', NULL, NULL, NULL, 4, 0),
	(357, 49, 100.386156, -1.00839, 'Poin Bantu IIB', NULL, NULL, NULL, 4, 0),
	(358, 50, 100.386577, -1.008804, 'Poin Bantu IIB', NULL, NULL, NULL, 4, 0),
	(359, 51, 100.387346, -1.008857, 'Poin Bantu IIB', NULL, NULL, NULL, 4, 0),
	(360, 52, 100.388114, -1.008402, 'Poin Bantu IIB', NULL, NULL, NULL, 4, 0),
	(361, 53, 100.38882, -1.007429, 'Poin Bantu IIB', NULL, NULL, NULL, 4, 0),
	(362, 54, 100.390632, -1.007213, 'Pabrik Karet Sel Beremas', NULL, NULL, NULL, 4, 86),
	(363, 55, 100.391379, -1.007413, 'Poin Bantu IIB', NULL, NULL, NULL, 4, 0),
	(364, 56, 100.392117, -1.008343, 'Pantai Nirwana', NULL, NULL, NULL, 4, 87),
	(365, 57, 100.392489, -1.009268, 'Poin Bantu IIB', NULL, NULL, NULL, 4, 0),
	(366, 58, 100.392408, -1.010377, 'Poin Bantu IIB', NULL, NULL, NULL, 4, 0),
	(367, 59, 100.392193, -1.010835, 'Poin Bantu IIB', NULL, NULL, NULL, 4, 0),
	(368, 60, 100.391506, -1.011556, 'Poin Bantu IIB', NULL, NULL, NULL, 4, 0),
	(369, 61, 100.391251, -1.012417, 'Poin Bantu IIB', NULL, NULL, NULL, 4, 0),
	(370, 62, 100.391435, -1.013396, 'Poin Bantu IIB', NULL, NULL, NULL, 4, 0),
	(371, 63, 100.391229, -1.014562, 'Poin Bantu IIB', NULL, NULL, NULL, 4, 0),
	(372, 64, 100.390894, -1.015042, 'Poin Bantu IIB', NULL, NULL, NULL, 4, 0),
	(373, 65, 100.390489, -1.016065, 'Poin Bantu IIB', NULL, NULL, NULL, 4, 0),
	(374, 66, 100.390427, -1.01752, 'Poin Bantu IIB', NULL, NULL, NULL, 4, 0),
	(375, 67, 100.389638, -1.01815, 'Poin Bantu IIB', NULL, NULL, NULL, 4, 0),
	(376, 68, 100.389691, -1.020147, 'Poin Bantu IIB', NULL, NULL, NULL, 4, 0),
	(377, 69, 100.389403, -1.021283, 'Poin Bantu IIB', NULL, NULL, NULL, 4, 0),
	(378, 70, 100.389377, -1.021911, 'Poin Bantu IIB', NULL, NULL, NULL, 4, 0),
	(379, 71, 100.388937, -1.023845, 'Poin Bantu IIB', NULL, NULL, NULL, 4, 0),
	(380, 72, 100.388649, -1.02463, 'Poin Bantu IIB', NULL, NULL, NULL, 4, 0),
	(381, 73, 100.388594, -1.025185, 'Poin Bantu IIB', NULL, NULL, NULL, 4, 0),
	(382, 74, 100.388212, -1.025855, 'Poin Bantu IIB', NULL, NULL, NULL, 4, 0),
	(383, 75, 100.387802, -1.027608, 'Poin Bantu IIB', NULL, NULL, NULL, 4, 0),
	(384, 76, 100.387221, -1.02876, 'Poin Bantu IIB', NULL, NULL, NULL, 4, 0),
	(385, 77, 100.386511, -1.029197, 'Poin Bantu IIB', NULL, NULL, NULL, 4, 0),
	(386, 78, 100.386462, -1.029863, 'Poin Bantu IIB', NULL, NULL, NULL, 4, 0),
	(387, 79, 100.38597, -1.030965, 'Poin Bantu IIB', NULL, NULL, NULL, 4, 0),
	(388, 80, 100.384693, -1.031911, 'Poin Bantu IIB', NULL, NULL, NULL, 4, 0),
	(389, 81, 100.384362, -1.033662, 'Poin Bantu IIB', NULL, NULL, NULL, 4, 0),
	(390, 82, 100.383557, -1.033555, 'Poin Bantu IIB', NULL, NULL, NULL, 4, 0),
	(391, 83, 100.383323, -1.033769, 'Poin Bantu IIB', NULL, NULL, NULL, 4, 0),
	(392, 84, 100.383196, -1.034139, 'Poin Bantu IIB', NULL, NULL, NULL, 4, 0),
	(393, 85, 100.382966, -1.034263, 'Poin Bantu IIB', NULL, NULL, NULL, 4, 0),
	(394, 86, 100.38208, -1.033826, 'Poin Bantu IIB', NULL, NULL, NULL, 4, 0),
	(395, 87, 100.381807, -1.033795, 'Poin Bantu IIB', NULL, NULL, NULL, 4, 0),
	(396, 88, 100.38122, -1.034247, 'Poin Bantu IIB', NULL, NULL, NULL, 4, 0),
	(397, 89, 100.381166, -1.034473, 'Poin Bantu IIB', NULL, NULL, NULL, 4, 0),
	(398, 90, 100.381504, -1.035208, 'Poin Bantu IIB', NULL, NULL, NULL, 4, 0),
	(399, 91, 100.381684, -1.03746, 'Poin Bantu IIB', NULL, NULL, NULL, 4, 0),
	(400, 92, 100.381455, -1.038434, 'Poin Bantu IIB', NULL, NULL, NULL, 4, 0),
	(401, 93, 100.381445, -1.038901, 'Poin Bantu IIB', NULL, NULL, NULL, 4, 0),
	(402, 94, 100.380994, -1.03952, 'Poin Bantu IIB', NULL, NULL, NULL, 4, 0),
	(403, 95, 100.380802, -1.040482, 'Poin Bantu IIB', NULL, NULL, NULL, 4, 0),
	(404, 96, 100.380896, -1.040728, 'Poin Bantu IIB', NULL, NULL, NULL, 4, 0),
	(405, 97, 100.381844, -1.041166, 'Poin Bantu IIB', NULL, NULL, NULL, 4, 0),
	(406, 98, 100.382455, -1.040971, 'Poin Bantu IIB', NULL, NULL, NULL, 4, 0),
	(407, 99, 100.383629, -1.041045, 'Poin Bantu IIB', NULL, NULL, NULL, 4, 0),
	(408, 100, 100.383873, -1.040881, 'Poin Bantu IIB', NULL, NULL, NULL, 4, 0),
	(409, 101, 100.385137, -1.038947, 'Poin Bantu IIB', NULL, NULL, NULL, 4, 0),
	(410, 102, 100.386161, -1.038052, 'Poin Bantu IIB', NULL, NULL, NULL, 4, 0),
	(411, 103, 100.386711, -1.037124, 'Poin Bantu IIB', NULL, NULL, NULL, 4, 0),
	(412, 104, 100.388154, -1.03537, 'Poin Bantu IIB', NULL, NULL, NULL, 4, 0),
	(413, 105, 100.38898, -1.034694, 'Poin Bantu IIB', NULL, NULL, NULL, 4, 0),
	(414, 106, 100.38996, -1.034606, 'Poin Bantu IIB', NULL, NULL, NULL, 4, 0),
	(415, 107, 100.390723, -1.034076, 'Poin Bantu IIB', NULL, NULL, NULL, 4, 0),
	(416, 108, 100.390806, -1.033307, 'Poin Bantu IIB', NULL, NULL, NULL, 4, 0),
	(417, 109, 100.391288, -1.032157, 'Poin Bantu IIB', NULL, NULL, NULL, 4, 0),
	(418, 110, 100.391198, -1.031607, 'Poin Bantu IIB', NULL, NULL, NULL, 4, 0),
	(419, 111, 100.390706, -1.031366, 'Poin Bantu IIB', NULL, NULL, NULL, 4, 0),
	(420, 112, 100.390639, -1.031083, 'Poin Bantu IIB', NULL, NULL, NULL, 4, 0),
	(421, 113, 100.391628, -1.029363, 'Poin Bantu IIB', NULL, NULL, NULL, 4, 0),
	(422, 114, 100.393404, -1.02793, 'Poin Bantu IIB', NULL, NULL, NULL, 4, 0),
	(423, 115, 100.394398, -1.027094, 'Poin Bantu IIB', NULL, NULL, NULL, 4, 0),
	(424, 116, 100.39562, -1.02584, 'Poin Bantu IIB', NULL, NULL, NULL, 4, 0),
	(425, 117, 100.397663, -1.024799, 'Poin Bantu IIB', NULL, NULL, NULL, 4, 0),
	(426, 118, 100.398004, -1.02495, 'Poin Bantu IIB', NULL, NULL, NULL, 4, 0),
	(427, 119, 100.397869, -1.025507, 'Poin Bantu IIB', NULL, NULL, NULL, 4, 0),
	(428, 120, 100.398101, -1.026087, 'Poin Bantu IIB', NULL, NULL, NULL, 4, 0),
	(429, 121, 100.398149, -1.026735, 'Poin Bantu IIB', NULL, NULL, NULL, 4, 0),
	(430, 122, 100.399217, -1.02745, 'PPS Bungus', NULL, NULL, NULL, 4, 88),
	(431, 123, 100.400484, -1.028057, 'Poin Bantu IIB', NULL, NULL, NULL, 4, 0),
	(432, 124, 100.400502, -1.028129, 'Poin Bantu IIB', NULL, NULL, NULL, 4, 0),
	(433, 125, 100.403146, -1.028218, 'Pelabuhan Penyebrangan', NULL, NULL, NULL, 4, 89),
	(434, 126, 100.405038, -1.027999, 'Poin Bantu IIB', NULL, NULL, NULL, 4, 0),
	(435, 127, 100.408835, -1.028561, 'Poin Bantu IIB', NULL, NULL, NULL, 4, 0),
	(436, 128, 100.412248, -1.027809, 'Kampus II MAN 1 Padang', NULL, NULL, NULL, 4, 90),
	(437, 129, 100.413374, -1.027792, 'Poin Bantu IIB', NULL, NULL, NULL, 4, 0),
	(438, 130, 100.414115, -1.027895, 'Poin Bantu IIB', NULL, NULL, NULL, 4, 0),
	(439, 131, 100.415095, -1.029194, 'Poin Bantu IIB', NULL, NULL, NULL, 4, 0),
	(440, 132, 100.415971, -1.029836, 'Poin Bantu IIB', NULL, NULL, NULL, 4, 0),
	(441, 133, 100.416201, -1.030202, 'Poin Bantu IIB', NULL, NULL, NULL, 4, 0),
	(442, 134, 100.415207, -1.031516, 'SPBU Bungus', NULL, NULL, NULL, 4, 91),
	(443, 135, 100.414105, -1.032713, 'Poin Bantu IIB', NULL, NULL, NULL, 4, 0),
	(444, 136, 100.413438, -1.033896, 'Poin Bantu IIB', NULL, NULL, NULL, 4, 0),
	(445, 137, 100.412842, -1.034248, 'SMP 19', NULL, NULL, NULL, 4, 92),
	(446, 138, 100.411533, -1.035018, 'Poin Bantu IIB', NULL, NULL, NULL, 4, 0),
	(447, 139, 100.410058, -1.03667, 'Poin Bantu IIB', NULL, NULL, NULL, 4, 0),
	(448, 140, 100.410024, -1.036822, 'Poin Bantu IIB', NULL, NULL, NULL, 4, 0),
	(449, 141, 100.410869, -1.037788, 'Puskesmas Bungus', NULL, NULL, NULL, 4, 93),
	(450, 142, 100.411765, -1.039007, 'Poin Bantu IIB', NULL, NULL, NULL, 4, 0),
	(451, 143, 100.412284, -1.040016, 'Kantor Lurah Bungus', NULL, NULL, NULL, 4, 94),
	(452, 144, 100.412865, -1.041638, 'Poin Bantu IIB', NULL, NULL, NULL, 4, 0),
	(453, 145, 100.41327, -1.043686, 'Poin Bantu IIB', NULL, NULL, NULL, 4, 0),
	(454, 146, 100.413242, -1.045078, 'Poin Bantu IIB', NULL, NULL, NULL, 4, 0),
	(455, 147, 100.41305, -1.04544, 'Poin Bantu IIB', NULL, NULL, NULL, 4, 0),
	(456, 148, 100.412814, -1.046259, 'SMA 11', NULL, NULL, NULL, 4, 95),
	(457, 149, 100.411386, -1.051069, 'Poin Bantu IIB', NULL, NULL, NULL, 4, 0),
	(458, 150, 100.411426, -1.052279, 'Poin Bantu IIB', NULL, NULL, NULL, 4, 0),
	(459, 151, 100.411641, -1.05282, 'Poin Bantu IIB', NULL, NULL, NULL, 4, 0),
	(460, 152, 100.412627, -1.054555, 'Poin Bantu IIB', NULL, NULL, NULL, 4, 0),
	(461, 153, 100.413057, -1.054644, 'PT Tiga Pangeran Mandiri', NULL, NULL, NULL, 4, 96),
	(462, 154, 100.413536, -1.054773, 'Poin Bantu IIB', NULL, NULL, NULL, 4, 0),
	(463, 155, 100.414414, -1.056185, 'Poin Bantu IIB', NULL, NULL, NULL, 4, 0),
	(464, 156, 100.414496, -1.057489, 'Poin Bantu IIB', NULL, NULL, NULL, 4, 0),
	(465, 157, 100.414961, -1.058539, 'SD 06 Cindakin', NULL, NULL, NULL, 4, 97),
	(466, 158, 100.415382, -1.060819, 'Poin Bantu IIB', NULL, NULL, NULL, 4, 0),
	(467, 159, 100.415126, -1.061472, 'Poin Bantu IIB', NULL, NULL, NULL, 4, 0),
	(468, 160, 100.414135, -1.062662, 'Poin Bantu IIB', NULL, NULL, NULL, 4, 0),
	(469, 161, 100.413989, -1.063362, 'Poin Bantu IIB', NULL, NULL, NULL, 4, 0),
	(470, 162, 100.41363, -1.066467, 'Naldi Cell', NULL, NULL, NULL, 4, 98),
	(471, 163, 100.413597, -1.067336, 'Poin Bantu IIB', NULL, NULL, NULL, 4, 0),
	(472, 164, 100.41369, -1.067994, 'Poin Bantu IIB', NULL, NULL, NULL, 4, 0),
	(473, 165, 100.413684, -1.070347, 'Poin Bantu IIB', NULL, NULL, NULL, 4, 0),
	(474, 166, 100.413574, -1.070936, 'Poin Bantu IIB', NULL, NULL, NULL, 4, 0),
	(475, 167, 100.413211, -1.072216, 'Poin Bantu IIB', NULL, NULL, NULL, 4, 0),
	(476, 168, 100.413279, -1.072336, 'Poin Bantu IIB', NULL, NULL, NULL, 4, 0),
	(477, 169, 100.415785, -1.072716, 'Poin Bantu IIB', NULL, NULL, NULL, 4, 0),
	(478, 170, 100.416254, -1.073212, 'Poin Bantu IIB', NULL, NULL, NULL, 4, 0),
	(479, 171, 100.416322, -1.074016, 'Puskesmas Pembantu Bungus', NULL, NULL, NULL, 4, 99),
	(480, 1, 100.386979, -0.877099, 'Pusat Pemerintahan Aia Pacah', NULL, NULL, NULL, 5, 136),
	(481, 2, 100.389529, -0.880588, 'FKG Baiturrahmah', NULL, NULL, NULL, 5, 137),
	(482, 3, 100.392238, -0.884852, 'Toko Bangunan Anifa', NULL, NULL, NULL, 5, 138),
	(483, 4, 100.393584, -0.887055, 'Universitas Terbuka', NULL, NULL, NULL, 5, 139),
	(484, 5, 100.394862, -0.894122, 'Toyota By Pass', NULL, NULL, NULL, 5, 140),
	(485, 6, 100.394953, -0.896167, 'RM Arafah', NULL, NULL, NULL, 5, 141),
	(486, 7, 100.395231, -0.899682, 'Hendra Auto Service', NULL, NULL, NULL, 5, 142),
	(487, 8, 100.395364, -0.9007, 'Point Bantu 3a', NULL, NULL, NULL, 5, 0),
	(488, 9, 100.394545, -0.900276, 'PNM Ulam Syariah', NULL, NULL, NULL, 5, 143),
	(489, 10, 100.393694, -0.899871, 'Point Bantu 3a', NULL, NULL, NULL, 5, 0),
	(490, 11, 100.392997, -0.899717, 'Masjid Anwar', NULL, NULL, NULL, 5, 144),
	(491, 12, 100.387892, -0.898677, 'Pagang', NULL, NULL, NULL, 5, 145),
	(492, 13, 100.385915, -0.898264, 'Point Bantu 3a', NULL, NULL, NULL, 5, 0),
	(493, 14, 100.385495, -0.898287, 'Point Bantu 3a', NULL, NULL, NULL, 5, 0),
	(494, 15, 100.38537, -0.89838, 'Point Bantu 3a', NULL, NULL, NULL, 5, 0),
	(495, 16, 100.384834, -0.898947, 'Point Bantu 3a', NULL, NULL, NULL, 5, 0),
	(496, 17, 100.38451, -0.899001, 'Point Bantu 3a', NULL, NULL, NULL, 5, 0),
	(497, 18, 100.384083, -0.898926, 'Point Bantu 3a', NULL, NULL, NULL, 5, 0),
	(498, 19, 100.382131, -0.897544, 'Point Bantu 3a', NULL, NULL, NULL, 5, 0),
	(499, 20, 100.38117, -0.896988, 'Point Bantu 3a', NULL, NULL, NULL, 5, 0),
	(500, 21, 100.380994, -0.89698, 'Point Bantu 3a', NULL, NULL, NULL, 5, 0),
	(501, 22, 100.380051, -0.897125, 'Point Bantu 3a', NULL, NULL, NULL, 5, 0),
	(502, 23, 100.378806, -0.896966, 'Point Bantu 3a', NULL, NULL, NULL, 5, 0),
	(503, 24, 100.378277, -0.896901, 'Point Bantu 3a', NULL, NULL, NULL, 5, 0),
	(504, 25, 100.377463, -0.896519, 'Kantor Camat Nanggalo', NULL, NULL, NULL, 5, 146),
	(505, 26, 100.376843, -0.896212, 'Point Bantu 3a', NULL, NULL, NULL, 5, 0),
	(506, 27, 100.37651, -0.896239, 'Point Bantu 3a', NULL, NULL, NULL, 5, 0),
	(507, 28, 100.374421, -0.898096, 'Kampus Akper', NULL, NULL, NULL, 5, 147),
	(508, 29, 100.373974, -0.898454, 'Point Bantu 3a', NULL, NULL, NULL, 5, 0),
	(509, 30, 100.372034, -0.8992, 'Point Bantu 3a', NULL, NULL, NULL, 5, 0),
	(510, 31, 100.371467, -0.899232, 'Point Bantu 3a', NULL, NULL, NULL, 5, 0),
	(511, 32, 100.370047, -0.898714, 'Point Bantu 3a', NULL, NULL, NULL, 5, 0),
	(512, 33, 100.369376, -0.89849, 'Point Bantu 3a', NULL, NULL, NULL, 5, 0),
	(513, 34, 100.369105, -0.898345, 'Pegadaian', NULL, NULL, NULL, 5, 148),
	(514, 35, 100.368247, -0.897796, 'Point Bantu 3a', NULL, NULL, NULL, 5, 0),
	(515, 36, 100.367533, -0.897308, 'Point Bantu 3a', NULL, NULL, NULL, 5, 0),
	(516, 37, 100.366632, -0.896768, 'BRI Siteba', NULL, NULL, NULL, 5, 149),
	(517, 38, 100.366211, -0.896605, 'Point Bantu 3a', NULL, NULL, NULL, 5, 0),
	(518, 39, 100.365938, -0.896665, 'Point Bantu 3a', NULL, NULL, NULL, 5, 0),
	(519, 40, 100.364744, -0.896666, 'Point Bantu 3a', NULL, NULL, NULL, 5, 0),
	(520, 41, 100.364606, -0.896689, 'Point Bantu 3a', NULL, NULL, NULL, 5, 0),
	(521, 42, 100.363408, -0.897469, 'Syifa Herbal', NULL, NULL, NULL, 5, 150),
	(522, 43, 100.363187, -0.897606, 'Point Bantu 3a', NULL, NULL, NULL, 5, 0),
	(523, 45, 100.363394, -0.901638, 'Point Bantu 3a', NULL, NULL, NULL, 5, 0),
	(524, 46, 100.36229, -0.902169, 'Apotek Farma Indah', NULL, NULL, NULL, 5, 152),
	(525, 47, 100.361047, -0.902918, 'Point Bantu 3a', NULL, NULL, NULL, 5, 0),
	(526, 48, 100.359527, -0.903923, 'Point Bantu 3a', NULL, NULL, NULL, 5, 0),
	(527, 50, 100.356826, -0.905477, 'Point Bantu 3a', NULL, NULL, NULL, 5, 0),
	(528, 521, 100.351775, -0.909448, 'Bakso Steak Jhoni Anwar', NULL, NULL, NULL, 5, 155),
	(529, 52, 100.351161, -0.909953, 'Point Bantu 3a', NULL, NULL, NULL, 5, 0),
	(530, 522, 100.349904, -0.911348, 'Point Bantu 3a', NULL, NULL, NULL, 5, 0),
	(531, 53, 100.349948, -0.911784, 'Depan Zusuki', NULL, NULL, NULL, 5, 0),
	(532, 54, 100.350165, -0.915033, 'BRI Ulak Karang', NULL, NULL, NULL, 5, 0),
	(533, 55, 100.350308, -0.916539, 'Ajo Paris', NULL, NULL, NULL, 5, 0),
	(534, 55, 100.350796, -0.921593, 'Masjid Asy Syahidin', NULL, NULL, NULL, 5, 0),
	(535, 56, 100.351171, -0.924746, 'Gedung Rangkayo Basa', NULL, NULL, NULL, 5, 0),
	(536, 57, 100.351391, -0.926279, 'Depan Pasar Pagi', NULL, NULL, NULL, 5, 0),
	(537, 58, 100.352455, -0.930088, 'Point Bantu 3a', NULL, NULL, NULL, 5, 0),
	(538, 59, 100.353195, -0.930436, 'Point Bantu 3a', NULL, NULL, NULL, 5, 0),
	(539, 60, 100.353376, -0.930706, 'Point Bantu 3a', NULL, NULL, NULL, 5, 0),
	(540, 61, 100.353398, -0.931565, 'Point Bantu 3a', NULL, NULL, NULL, 5, 0),
	(541, 62, 100.353744, -0.932387, 'Point Bantu 3a', NULL, NULL, NULL, 5, 0),
	(542, 63, 100.354008, -0.932704, 'Depan Kantor Camat Padang Baru', NULL, NULL, NULL, 5, 0),
	(543, 64, 100.354295, -0.933057, 'Point Bantu 3a', NULL, NULL, NULL, 5, 0),
	(544, 65, 100.354539, -0.93511, 'RM. Mama Veteran', NULL, NULL, NULL, 5, 0),
	(545, 66, 100.354492, -0.938468, 'Masjid Al Wustha', NULL, NULL, NULL, 5, 0),
	(546, 67, 100.354466, -0.939837, 'Depan Istana Mobil', NULL, NULL, NULL, 5, 0),
	(547, 68, 100.354485, -0.94222, 'RM Yakin (Depan KFC)', NULL, NULL, NULL, 5, 0),
	(548, 69, 100.354601, -0.944275, 'Damar Plaza', NULL, NULL, NULL, 5, 0),
	(549, 70, 100.354734, -0.945843, 'Point Bantu 3a', NULL, NULL, NULL, 5, 0),
	(550, 71, 100.354846, -0.945984, 'Point Bantu 3a', NULL, NULL, NULL, 5, 0),
	(551, 72, 100.355086, -0.948344, 'Pertokoan Plaza Andalas', NULL, NULL, NULL, 5, 0),
	(552, 73, 100.355382, -0.950523, 'Point Bantu 3a', NULL, NULL, NULL, 5, 0),
	(553, 74, 100.355208, -0.950538, 'Point Bantu 3a', NULL, NULL, NULL, 5, 0),
	(554, 75, 100.355358, -0.951794, 'Point Bantu 3a', NULL, NULL, NULL, 5, 0),
	(555, 76, 100.355401, -0.955577, 'TK Adhyaksa', NULL, NULL, NULL, 5, 0),
	(556, 77, 100.355412, -0.956712, 'Point Bantu 3a', NULL, NULL, NULL, 5, 0),
	(557, 78, 100.355568, -0.957595, 'Point Bantu 3a', NULL, NULL, NULL, 5, 0),
	(558, 79, 100.355931, -0.95704, 'Taman Melati', NULL, NULL, NULL, 5, 0),
	(559, 80, 100.358846, -0.954423, 'Point Bantu 3a', NULL, NULL, NULL, 5, 0),
	(560, 81, 100.359227, -0.954152, 'Point Bantu 3a', NULL, NULL, NULL, 5, 0),
	(561, 82, 100.359637, -0.954427, 'SMK Pariwisata', NULL, NULL, NULL, 5, 0),
	(562, 83, 100.360197, -0.954809, 'Point Bantu 3a', NULL, NULL, NULL, 5, 0),
	(563, 84, 100.360205, -0.955023, 'Point Bantu 3a', NULL, NULL, NULL, 5, 0),
	(564, 85, 100.360522, -0.955777, 'Point Bantu 3a', NULL, NULL, NULL, 5, 0),
	(565, 86, 100.361205, -0.955721, 'Point Bantu 3a', NULL, NULL, NULL, 5, 0),
	(566, 87, 100.362594, -0.955405, 'Point Bantu 3a', NULL, NULL, NULL, 5, 0),
	(567, 88, 100.363877, -0.954586, 'Point Bantu 3a', NULL, NULL, NULL, 5, 0),
	(568, 89, 100.363721, -0.954095, 'Point Bantu 3a', NULL, NULL, NULL, 5, 0),
	(569, 90, 100.363513, -0.952708, 'Point Bantu 3a', NULL, NULL, NULL, 5, 0),
	(570, 1, 100.363513, -0.952708, 'RTH Imam Bonjol', NULL, NULL, NULL, 6, 1),
	(571, 2, 100.363764, -0.951356, 'Poin Bantu 3b', NULL, NULL, NULL, 6, 0),
	(572, 3, 100.361216, -0.951443, 'Poin Bantu 3b', NULL, NULL, NULL, 6, 0),
	(573, 4, 100.361594, -0.953453, 'Poin Bantu 3b', NULL, NULL, NULL, 6, 0),
	(574, 5, 100.361699, -0.954681, 'Poin Bantu 3b', NULL, NULL, NULL, 6, 0),
	(575, 6, 100.360907, -0.954567, 'Poin Bantu 3b', NULL, NULL, NULL, 6, 0),
	(576, 7, 100.360253, -0.954652, 'Poin Bantu 3b', NULL, NULL, NULL, 6, 0),
	(577, 8, 100.360196, -0.954824, 'Poin Bantu 3b', NULL, NULL, NULL, 6, 0),
	(578, 9, 100.359612, -0.954441, 'BNI 46', NULL, NULL, NULL, 6, 0),
	(579, 10, 100.359227, -0.954152, 'Poin Bantu 3b', NULL, NULL, NULL, 6, 0),
	(580, 11, 100.358846, -0.954423, 'Poin Bantu 3b', NULL, NULL, NULL, 6, 0),
	(581, 12, 100.356631, -0.956497, 'Inna Muara', NULL, NULL, NULL, 6, 0),
	(582, 13, 100.355568, -0.957595, 'Poin Bantu 3b', NULL, NULL, NULL, 6, 0),
	(583, 14, 100.355412, -0.956712, 'Poin Bantu 3b', NULL, NULL, NULL, 6, 0),
	(584, 15, 100.355355, -0.955477, 'Taman Budaya', NULL, NULL, NULL, 6, 0),
	(585, 16, 100.355343, -0.954282, 'Poin Bantu 3b', NULL, NULL, NULL, 6, 0),
	(586, 17, 100.355197, -0.954285, 'Hang Tuah II', NULL, NULL, NULL, 6, 0),
	(587, 18, 100.35333, -0.95195, 'Hang Tuah I', NULL, NULL, NULL, 6, 0),
	(588, 19, 100.352464, -0.952158, 'Poin Bantu 3b', NULL, NULL, NULL, 6, 0),
	(589, 20, 100.352127, -0.950226, 'Samudera II', NULL, NULL, NULL, 6, 0),
	(590, 21, 100.352046, -0.94976, 'Samudera I', NULL, NULL, NULL, 6, 0),
	(591, 22, 100.351591, -0.944533, 'SDN 27 ', NULL, NULL, NULL, 6, 180),
	(592, 23, 100.35144, -0.938851, 'Poin Bantu 3b', NULL, NULL, NULL, 6, 0),
	(593, 24, 100.351158, -0.937993, 'Poin Bantu 3b', NULL, NULL, NULL, 6, 0),
	(594, 25, 100.351135, -0.9373, 'Poin Bantu 3b', NULL, NULL, NULL, 6, 0),
	(595, 26, 100.351099, -0.937259, 'Purus Rusunawa', NULL, NULL, NULL, 6, 181),
	(596, 27, 100.35078, -0.933789, 'Poin Bantu 3b', NULL, NULL, NULL, 6, 0),
	(597, 28, 100.350337, -0.931375, 'Poin Bantu 3b', NULL, NULL, NULL, 6, 0),
	(598, 29, 100.350276, -0.928923, 'Pantai Muaro Lacak', NULL, NULL, NULL, 6, 182),
	(599, 30, 100.349972, -0.925361, 'Poin Bantu 3b', NULL, NULL, NULL, 6, 0),
	(600, 31, 100.35007, -0.925078, 'Poin Bantu 3b', NULL, NULL, NULL, 6, 0),
	(601, 32, 100.351156, -0.924889, 'Poin Bantu 3b', NULL, NULL, NULL, 6, 0),
	(602, 33, 100.351015, -0.923748, 'Hotel Pangeran', NULL, NULL, NULL, 6, 0),
	(603, 34, 100.350558, -0.919742, 'Taman Makam Pahlawan', NULL, NULL, NULL, 6, 0),
	(604, 35, 100.350154, -0.915447, 'Asrama Transito', NULL, NULL, NULL, 6, 0),
	(605, 36, 100.350103, -0.914326, 'S Parman I', NULL, NULL, NULL, 6, 0),
	(606, 37, 100.349939, -0.912363, 'S Parman II', NULL, NULL, NULL, 6, 0),
	(607, 38, 100.349885, -0.911335, 'Poin Bantu 3b', NULL, NULL, NULL, 6, 0),
	(608, 39, 100.350343, -0.910789, 'Depan Hotel Prima', NULL, NULL, NULL, 6, 0),
	(609, 40, 100.35232, -0.908995, 'Simp. Indah', NULL, NULL, NULL, 6, 0),
	(610, 41, 100.353382, -0.908085, 'Poin Bantu 3b', NULL, NULL, NULL, 6, 0),
	(611, 42, 100.352007, -0.906397, 'Poin Bantu 3b', NULL, NULL, NULL, 6, 0),
	(612, 43, 100.352156, -0.906303, 'Poin Bantu 3b', NULL, NULL, NULL, 6, 0),
	(613, 44, 100.35276, -0.907072, 'DPRD II', NULL, NULL, NULL, 6, 55),
	(614, 45, 100.353459, -0.908008, 'Poin Bantu 3b', NULL, NULL, NULL, 6, 0),
	(615, 46, 100.354138, -0.907396, 'RM Talago II', NULL, NULL, NULL, 6, 190),
	(616, 47, 100.357927, -0.904802, 'SJS Plaza', NULL, NULL, NULL, 6, 191),
	(617, 48, 100.362282, -0.902153, 'SMP 12', NULL, NULL, NULL, 6, 192),
	(618, 49, 100.36315, -0.901686, 'Poin Bantu 3b', NULL, NULL, NULL, 6, 0),
	(619, 50, 100.363372, -0.901634, 'Poin Bantu 3b', NULL, NULL, NULL, 6, 0),
	(620, 51, 100.363259, -0.899613, 'ITP', NULL, NULL, NULL, 6, 193),
	(621, 52, 100.363168, -0.895368, 'Poin Bantu 3b', NULL, NULL, NULL, 6, 0),
	(622, 53, 100.363212, -0.89505, 'Poin Bantu 3b', NULL, NULL, NULL, 6, 0),
	(623, 54, 100.363324, -0.894451, 'Poin Bantu 3b', NULL, NULL, NULL, 6, 0),
	(624, 55, 100.363672, -0.894534, 'Berok (Bidan Jasmiwati)', NULL, NULL, NULL, 6, 194),
	(625, 56, 100.364525, -0.894899, 'Poin Bantu 3b', NULL, NULL, NULL, 6, 0),
	(626, 57, 100.364978, -0.895612, 'Poin Bantu 3b', NULL, NULL, NULL, 6, 0),
	(627, 58, 100.366034, -0.896484, 'KAN Nanggalo', NULL, NULL, NULL, 6, 195),
	(628, 59, 100.36874, -0.898076, 'Optik Khairani', NULL, NULL, NULL, 6, 196),
	(629, 60, 100.369376, -0.89849, 'Poin Bantu 3b', NULL, NULL, NULL, 6, 0),
	(630, 61, 100.370047, -0.898714, 'Poin Bantu 3b', NULL, NULL, NULL, 6, 0),
	(631, 62, 100.371467, -0.899232, 'Poin Bantu 3b', NULL, NULL, NULL, 6, 0),
	(632, 63, 100.372034, -0.8992, 'Poin Bantu 3b', NULL, NULL, NULL, 6, 0),
	(633, 64, 100.373974, -0.898454, 'Poin Bantu 3b', NULL, NULL, NULL, 6, 0),
	(634, 65, 100.374449, -0.898024, 'Kampus Akper', NULL, NULL, NULL, 6, 197),
	(635, 66, 100.37651, -0.896239, 'Poin Bantu 3b', NULL, NULL, NULL, 6, 0),
	(636, 67, 100.376843, -0.896212, 'Poin Bantu 3b', NULL, NULL, NULL, 6, 0),
	(637, 68, 100.377951, -0.89669, 'Kantor Camat Nanggalo', NULL, NULL, NULL, 6, 198),
	(638, 69, 100.378277, -0.896901, 'Poin Bantu 3b', NULL, NULL, NULL, 6, 0),
	(639, 70, 100.378806, -0.896966, 'Poin Bantu 3b', NULL, NULL, NULL, 6, 0),
	(640, 71, 100.380051, -0.897125, 'Poin Bantu 3b', NULL, NULL, NULL, 6, 0),
	(641, 72, 100.380994, -0.89698, 'Poin Bantu 3b', NULL, NULL, NULL, 6, 0),
	(642, 73, 100.38117, -0.896988, 'Poin Bantu 3b', NULL, NULL, NULL, 6, 0),
	(643, 74, 100.382131, -0.897544, 'Poin Bantu 3b', NULL, NULL, NULL, 6, 0),
	(644, 75, 100.384083, -0.898926, 'Poin Bantu 3b', NULL, NULL, NULL, 6, 0),
	(645, 76, 100.38451, -0.899001, 'Poin Bantu 3b', NULL, NULL, NULL, 6, 0),
	(646, 77, 100.384834, -0.898947, 'Poin Bantu 3b', NULL, NULL, NULL, 6, 0),
	(647, 78, 100.38537, -0.89838, 'Poin Bantu 3b', NULL, NULL, NULL, 6, 0),
	(648, 79, 100.385495, -0.898287, 'Poin Bantu 3b', NULL, NULL, NULL, 6, 0),
	(649, 80, 100.385915, -0.898264, 'Poin Bantu 3b', NULL, NULL, NULL, 6, 0),
	(650, 81, 100.387881, -0.898649, 'Pagang II', NULL, NULL, NULL, 6, 199),
	(651, 82, 100.386375, -0.898271, 'Masjid Annur', NULL, NULL, NULL, 6, 200),
	(652, 83, 100.39356, -0.899807, 'RM Sarin Bunga', NULL, NULL, NULL, 6, 201),
	(653, 84, 100.395364, -0.9007, 'Poin Bantu 3b', NULL, NULL, NULL, 6, 0),
	(654, 85, 100.395139, -0.899327, 'RM Dua Saudara', NULL, NULL, NULL, 6, 202),
	(655, 86, 100.394929, -0.896694, 'RM Cik Elok', NULL, NULL, NULL, 6, 203),
	(656, 87, 100.394797, -0.894106, 'Mari Jaya', NULL, NULL, NULL, 6, 204),
	(657, 88, 100.393525, -0.887074, 'Universitas Terbuka II', NULL, NULL, NULL, 6, 205),
	(658, 89, 100.393019, -0.886207, 'Simp Diklat RSUD', NULL, NULL, NULL, 6, 206),
	(659, 91, 100.386933, -0.877125, 'Pusat Pemetintahan Aia Pacah II', NULL, NULL, NULL, 6, 208),
	(660, 92, 100.382369, -0.871082, 'RS Siti Rahmah', NULL, NULL, NULL, 6, 318),
	(661, 1, 100.467459, -0.956401, 'Semen Padang II', NULL, NULL, NULL, 7, 209),
	(662, 2, 100.462299, -0.957958, 'Audio Mobil', NULL, NULL, NULL, 7, 210),
	(663, 3, 100.46046, -0.958333, 'Point Bantu 5a', NULL, NULL, NULL, 7, 0),
	(664, 4, 100.459224, -0.957892, 'Point Bantu 5a', NULL, NULL, NULL, 7, 0),
	(665, 5, 100.458645, -0.957863, 'Point Bantu 5a', NULL, NULL, NULL, 7, 0),
	(666, 6, 100.456443, -0.95707, 'Warung Dhesie', NULL, NULL, NULL, 7, 211),
	(667, 7, 100.454812, -0.9553, 'Point Bantu 5a', NULL, NULL, NULL, 7, 0),
	(668, 8, 100.454406, -0.954246, 'Point Bantu 5a', NULL, NULL, NULL, 7, 0),
	(669, 9, 100.453548, -0.953109, 'Point Bantu 5a', NULL, NULL, NULL, 7, 0),
	(670, 10, 100.452309, -0.95346, 'Muncak Motor', NULL, NULL, NULL, 7, 212),
	(671, 11, 100.451693, -0.953599, 'Point Bantu 5a', NULL, NULL, NULL, 7, 0),
	(672, 12, 100.450847, -0.953497, 'Point Bantu 5a', NULL, NULL, NULL, 7, 0),
	(673, 13, 100.444723, -0.95014, 'Point Bantu 5a', NULL, NULL, NULL, 7, 0),
	(674, 14, 100.444322, -0.950022, 'TK Adzkia V', NULL, NULL, NULL, 7, 213),
	(675, 15, 100.440549, -0.950019, 'Point Bantu 5a', NULL, NULL, NULL, 7, 0),
	(676, 16, 100.439812, -0.949915, 'Point Bantu 5a', NULL, NULL, NULL, 7, 0),
	(677, 17, 100.437382, -0.949158, 'Seberang Toko H Bahar', NULL, NULL, NULL, 7, 214),
	(678, 18, 100.436963, -0.949035, 'Point Bantu 5a', NULL, NULL, NULL, 7, 0),
	(679, 19, 100.436625, -0.949028, 'Point Bantu 5a', NULL, NULL, NULL, 7, 0),
	(680, 20, 100.436384, -0.94907, 'Point Bantu 5a', NULL, NULL, NULL, 7, 0),
	(681, 21, 100.435493, -0.949457, 'Point Bantu 5a', NULL, NULL, NULL, 7, 0),
	(682, 22, 100.434414, -0.949599, 'SDN 03 dan 05', NULL, NULL, NULL, 7, 215),
	(683, 23, 100.43291, -0.949728, 'Point Bantu 5a', NULL, NULL, NULL, 7, 0),
	(684, 24, 100.432314, -0.94986, 'Seberang BNI Syariah Bandar Buat', NULL, NULL, NULL, 7, 216),
	(685, 25, 100.428055, -0.9509, 'CV Tisati Persada', NULL, NULL, NULL, 7, 217),
	(686, 26, 100.422308, -0.952185, 'PT. Sumatex Subur', NULL, NULL, NULL, 7, 218),
	(687, 27, 100.418996, -0.952676, 'SD Kartika 1 - 7', NULL, NULL, NULL, 7, 219),
	(688, 28, 100.416611, -0.953055, 'Seberang Lap Bola SMSR Cengkeh', NULL, NULL, NULL, 7, 220),
	(689, 29, 100.412392, -0.954074, 'Kedai Nasi Pak Abu Cengkeh', NULL, NULL, NULL, 7, 221),
	(690, 30, 100.4075, -0.955844, 'Seberang SPBU Bandar Buat', NULL, NULL, NULL, 7, 222),
	(691, 31, 100.404706, -0.956542, 'U.D. Lima Putera Bandar Buat', NULL, NULL, NULL, 7, 223),
	(692, 32, 100.400884, -0.957782, 'Praktek Drg Bersama Lubeg UPI', NULL, NULL, NULL, 7, 224),
	(693, 33, 100.398737, -0.958385, 'Point Bantu 5a', NULL, NULL, NULL, 7, 0),
	(694, 34, 100.397286, -0.957624, 'UPI', NULL, NULL, NULL, 7, 225),
	(695, 35, 100.39134, -0.953967, 'Point Bantu 5a', NULL, NULL, NULL, 7, 0),
	(696, 36, 100.389861, -0.95334, 'Point Bantu 5a', NULL, NULL, NULL, 7, 0),
	(697, 37, 100.389375, -0.9528, 'Point Bantu 5a', NULL, NULL, NULL, 7, 0),
	(698, 38, 100.387598, -0.951687, 'Toko Dayu', NULL, NULL, NULL, 7, 226),
	(699, 39, 100.383776, -0.949295, 'SMP 8', NULL, NULL, NULL, 7, 227),
	(700, 40, 100.38076, -0.947428, 'Istana Perabot Marapalam', NULL, NULL, NULL, 7, 228),
	(701, 41, 100.377824, -0.945613, 'Riau Perabot Marapalam', NULL, NULL, NULL, 7, 229),
	(702, 42, 100.37752, -0.945628, 'Point Bantu 5a', NULL, NULL, NULL, 7, 0),
	(703, 43, 100.377336, -0.945742, 'Point Bantu 5a', NULL, NULL, NULL, 7, 0),
	(704, 44, 100.377173, -0.945678, 'Point Bantu 5a', NULL, NULL, NULL, 7, 0),
	(705, 45, 100.377158, -0.945267, 'Point Bantu 5a', NULL, NULL, NULL, 7, 0),
	(706, 46, 100.377061, -0.945121, 'Point Bantu 5a', NULL, NULL, NULL, 7, 0),
	(707, 47, 100.37634, -0.944572, 'Seberang SMA Kartika', NULL, NULL, NULL, 7, 230),
	(708, 48, 100.376076, -0.944181, 'Point Bantu 5a', NULL, NULL, NULL, 7, 0),
	(709, 49, 100.375923, -0.943469, 'Point Bantu 5a', NULL, NULL, NULL, 7, 0),
	(710, 50, 100.373573, -0.944181, 'Komplek Mandiri Simpang Haru', NULL, NULL, NULL, 7, 231),
	(711, 51, 100.368052, -0.946019, 'Gilang Ramadhan Studio', NULL, NULL, NULL, 7, 232),
	(712, 52, 100.36674, -0.946494, 'Point Bantu 5a', NULL, NULL, NULL, 7, 0),
	(713, 53, 100.36472, -0.947501, 'Masjid Mubarak', NULL, NULL, NULL, 7, 233),
	(714, 54, 100.364079, -0.947796, 'Point Bantu 5a', NULL, NULL, NULL, 7, 0),
	(715, 55, 100.363063, -0.948087, 'Point Bantu 5a', NULL, NULL, NULL, 7, 0),
	(716, 56, 100.363465, -0.949483, 'Point Bantu 5a', NULL, NULL, NULL, 7, 0),
	(717, 57, 100.363764, -0.951356, 'Point Bantu 5a', NULL, NULL, NULL, 7, 0),
	(718, 58, 100.363668, -0.952795, 'Point Bantu 5a', NULL, NULL, NULL, 7, 0),
	(719, 1, 100.363636, -0.952719, 'RTH Imam Bonjol', NULL, NULL, NULL, 8, 1),
	(720, 2, 100.36374, -0.95132, 'Poin Bantu 5b', NULL, NULL, NULL, 8, 0),
	(721, 3, 100.365043, -0.951044, 'Ayam Penyet Jakarta', NULL, NULL, NULL, 8, 236),
	(722, 4, 100.368008, -0.950586, 'Poin Bantu 5b', NULL, NULL, NULL, 8, 0),
	(723, 5, 100.369827, -0.950767, 'Denkesyah', NULL, NULL, NULL, 8, 237),
	(724, 6, 100.371377, -0.950857, 'Poin Bantu 5b', NULL, NULL, NULL, 8, 0),
	(725, 7, 100.371621, -0.950677, 'Poin Bantu 5b', NULL, NULL, NULL, 8, 0),
	(726, 8, 100.371895, -0.949661, 'Depan Asrama TNI', NULL, NULL, NULL, 8, 238),
	(727, 9, 100.37193, -0.948578, 'Poin Bantu 5b', NULL, NULL, NULL, 8, 0),
	(728, 10, 100.372173, -0.948106, 'Poin Bantu 5b', NULL, NULL, NULL, 8, 0),
	(729, 11, 100.372504, -0.947977, 'Poin Bantu 5b', NULL, NULL, NULL, 8, 0),
	(730, 12, 100.37473, -0.947955, 'Wisma Kirana I', NULL, NULL, NULL, 8, 239),
	(731, 13, 100.375332, -0.947938, 'Poin Bantu 5b', NULL, NULL, NULL, 8, 0),
	(732, 14, 100.3761, -0.946885, 'Poin Bantu 5b', NULL, NULL, NULL, 8, 0),
	(733, 15, 100.37717, -0.945894, 'Poin Bantu 5b', NULL, NULL, NULL, 8, 0),
	(734, 16, 100.37724, -0.945754, 'Poin Bantu 5b', NULL, NULL, NULL, 8, 0),
	(735, 17, 100.377173, -0.945678, 'Poin Bantu 5b', NULL, NULL, NULL, 8, 0),
	(736, 18, 100.377158, -0.945267, 'Poin Bantu 5b', NULL, NULL, NULL, 8, 0),
	(737, 19, 100.377319, -0.945265, 'Poin Bantu 5b', NULL, NULL, NULL, 8, 0),
	(738, 20, 100.37756, -0.945422, 'Two Mart Swalayan', NULL, NULL, NULL, 8, 240),
	(739, 21, 100.377584, -0.945442, 'Poin Bantu 5b', NULL, NULL, NULL, 8, 0),
	(740, 22, 100.377942, -0.945553, 'Poin Bantu 5b', NULL, NULL, NULL, 8, 0),
	(741, 23, 100.380794, -0.947328, 'Ragasa Motor', NULL, NULL, NULL, 8, 241),
	(742, 24, 100.383693, -0.949121, 'Koperasi Swamitra', NULL, NULL, NULL, 8, 242),
	(743, 25, 100.387693, -0.951609, 'Depan Polsek Padang Timur', NULL, NULL, NULL, 8, 243),
	(744, 26, 100.389648, -0.952864, 'Poin Bantu 5b', NULL, NULL, NULL, 8, 0),
	(745, 27, 100.390096, -0.953296, 'Poin Bantu 5b', NULL, NULL, NULL, 8, 0),
	(746, 28, 100.39083, -0.953243, 'Poin Bantu 5b', NULL, NULL, NULL, 8, 0),
	(747, 29, 100.391222, -0.953784, 'Poin Bantu 5b', NULL, NULL, NULL, 8, 0),
	(748, 30, 100.394308, -0.955639, 'CV Surya Jaya', NULL, NULL, NULL, 8, 244),
	(749, 31, 100.395219, -0.956222, 'Safary Bakery', NULL, NULL, NULL, 8, 245),
	(750, 32, 100.397384, -0.95754, 'Rozzaq Copy Centre', NULL, NULL, NULL, 8, 246),
	(751, 33, 100.398837, -0.95833, 'Poin Bantu 5b', NULL, NULL, NULL, 8, 0),
	(752, 34, 100.39995, -0.957934, 'Yamaha Lubeg', NULL, NULL, NULL, 8, 247),
	(753, 35, 100.403736, -0.956803, 'Simpang Lubeg', NULL, NULL, NULL, 8, 248),
	(754, 36, 100.405821, -0.956139, 'Masjid Raya Muhammadiyah', NULL, NULL, NULL, 8, 249),
	(755, 37, 100.407728, -0.95567, 'Poin Bantu 5b', NULL, NULL, NULL, 8, 0),
	(756, 38, 100.410016, -0.95472, 'Simp. Piyai', NULL, NULL, NULL, 8, 250),
	(757, 39, 100.416277, -0.953023, 'Lap. Bola SMSR Cengkeh', NULL, NULL, NULL, 8, 251),
	(758, 40, 100.419495, -0.952498, 'TK Kartika 1 - 7', NULL, NULL, NULL, 8, 252),
	(759, 41, 100.423691, -0.951831, 'CV Bina Putera', NULL, NULL, NULL, 8, 253),
	(760, 42, 100.425256, -0.951466, 'Seberang PLN Indarung', NULL, NULL, NULL, 8, 254),
	(761, 43, 100.43012, -0.950266, 'SMP Luki', NULL, NULL, NULL, 8, 255),
	(762, 44, 100.432988, -0.949613, 'Poin Bantu 5b', NULL, NULL, NULL, 8, 0),
	(763, 45, 100.434464, -0.949477, 'Seberang Toko Anto Plastik', NULL, NULL, NULL, 8, 256),
	(764, 46, 100.435849, -0.949251, 'Poin Bantu 5b', NULL, NULL, NULL, 8, 0),
	(765, 47, 100.436411, -0.949001, 'Poin Bantu 5b', NULL, NULL, NULL, 8, 0),
	(766, 48, 100.436964, -0.94897, 'Poin Bantu 5b', NULL, NULL, NULL, 8, 0),
	(767, 49, 100.439993, -0.949877, 'Poin Bantu 5b', NULL, NULL, NULL, 8, 0),
	(768, 50, 100.441138, -0.949912, 'Poin Bantu 5b', NULL, NULL, NULL, 8, 0),
	(769, 51, 100.442777, -0.949791, 'Simp. Ulu Gadut', NULL, NULL, NULL, 8, 257),
	(770, 52, 100.444577, -0.950008, 'Poin Bantu 5b', NULL, NULL, NULL, 8, 0),
	(771, 53, 100.450891, -0.953441, 'Poin Bantu 5b', NULL, NULL, NULL, 8, 0),
	(772, 54, 100.451864, -0.953492, 'Poin Bantu 5b', NULL, NULL, NULL, 8, 0),
	(773, 55, 100.452181, -0.953404, 'Lurah Padang  Besi', NULL, NULL, NULL, 8, 258),
	(774, 56, 100.453579, -0.953052, 'Poin Bantu 5b', NULL, NULL, NULL, 8, 0),
	(775, 57, 100.454934, -0.955348, 'Poin Bantu 5b', NULL, NULL, NULL, 8, 0),
	(776, 58, 100.455997, -0.956598, 'Poin Bantu 5b', NULL, NULL, NULL, 8, 0),
	(777, 59, 100.456542, -0.956976, 'SD 12 Padang Besi', NULL, NULL, NULL, 8, 259),
	(778, 60, 100.458676, -0.957759, 'Poin Bantu 5b', NULL, NULL, NULL, 8, 0),
	(779, 61, 100.45939, -0.957835, 'Poin Bantu 5b', NULL, NULL, NULL, 8, 0),
	(780, 62, 100.460525, -0.958255, 'Poin Bantu 5b', NULL, NULL, NULL, 8, 0),
	(781, 63, 100.461998, -0.957924, 'SPN Padang Besi', NULL, NULL, NULL, 8, 260),
	(782, 64, 100.467047, -0.956425, 'Semen Padang', NULL, NULL, NULL, 8, 261),
	(783, 1, 100.455394, -0.9175, 'PKM Unand', NULL, NULL, NULL, 9, 285),
	(784, 2, 100.456144, -0.916214, 'Point Bantu 6a', NULL, NULL, NULL, 9, 0),
	(785, 3, 100.456366, -0.915953, 'Point Bantu 6a', NULL, NULL, NULL, 9, 0),
	(786, 4, 100.456429, -0.915834, 'Point Bantu 6a', NULL, NULL, NULL, 9, 0),
	(787, 5, 100.456709, -0.915045, 'Point Bantu 6a', NULL, NULL, NULL, 9, 0),
	(788, 6, 100.456797, -0.914934, 'Point Bantu 6a', NULL, NULL, NULL, 9, 0),
	(789, 7, 100.456906, -0.914412, 'Fak Ekonomi Unand', NULL, NULL, NULL, 9, 286),
	(790, 8, 100.456971, -0.913457, 'Point Bantu 6a', NULL, NULL, NULL, 9, 0),
	(791, 9, 100.457178, -0.912714, 'Point Bantu 6a', NULL, NULL, NULL, 9, 0),
	(792, 10, 100.457674, -0.911923, 'Point Bantu 6a', NULL, NULL, NULL, 9, 0),
	(793, 11, 100.458837, -0.91035, 'Fak Pertanian Unand', NULL, NULL, NULL, 9, 287),
	(794, 12, 100.459848, -0.908977, 'Point Bantu 6a', NULL, NULL, NULL, 9, 0),
	(795, 13, 100.460408, -0.90844, 'Point Bantu 6a', NULL, NULL, NULL, 9, 0),
	(796, 14, 100.46041, -0.908438, 'Point Bantu 6a', NULL, NULL, NULL, 9, 0),
	(797, 15, 100.461358, -0.907851, 'Point Bantu 6a', NULL, NULL, NULL, 9, 0),
	(798, 16, 100.462371, -0.909416, 'Point Bantu 6a', NULL, NULL, NULL, 9, 0),
	(799, 17, 100.462405, -0.909607, 'Point Bantu 6a', NULL, NULL, NULL, 9, 0),
	(800, 18, 100.462388, -0.910153, 'Point Bantu 6a', NULL, NULL, NULL, 9, 0),
	(801, 19, 100.462355, -0.910786, 'Point Bantu 6a', NULL, NULL, NULL, 9, 0),
	(802, 20, 100.462725, -0.911532, 'Point Bantu 6a', NULL, NULL, NULL, 9, 0),
	(803, 21, 100.463, -0.91217, 'Point Bantu 6a', NULL, NULL, NULL, 9, 0),
	(804, 22, 100.463059, -0.912465, 'Point Bantu 6a', NULL, NULL, NULL, 9, 0),
	(805, 23, 100.463069, -0.913007, 'Point Bantu 6a', NULL, NULL, NULL, 9, 0),
	(806, 24, 100.462976, -0.914216, 'Fak Teknik Sipil Unand', NULL, NULL, NULL, 9, 288),
	(807, 25, 100.462937, -0.914677, 'Point Bantu 6a', NULL, NULL, NULL, 9, 0),
	(808, 26, 100.463023, -0.914744, 'Point Bantu 6a', NULL, NULL, NULL, 9, 0),
	(809, 27, 100.462956, -0.914804, 'Point Bantu 6a', NULL, NULL, NULL, 9, 0),
	(810, 28, 100.462779, -0.914857, 'Point Bantu 6a', NULL, NULL, NULL, 9, 0),
	(811, 29, 100.462211, -0.915528, 'Point Bantu 6a', NULL, NULL, NULL, 9, 0),
	(812, 30, 100.462097, -0.916869, 'Point Bantu 6a', NULL, NULL, NULL, 9, 0),
	(813, 31, 100.461961, -0.917408, 'Point Bantu 6a', NULL, NULL, NULL, 9, 0),
	(814, 32, 100.461548, -0.918108, 'Point Bantu 6a', NULL, NULL, NULL, 9, 0),
	(815, 33, 100.46086, -0.918683, 'Point Bantu 6a', NULL, NULL, NULL, 9, 0),
	(816, 34, 100.460121, -0.919044, 'Point Bantu 6a', NULL, NULL, NULL, 9, 0),
	(817, 35, 100.459158, -0.919057, 'Point Bantu 6a', NULL, NULL, NULL, 9, 0),
	(818, 36, 100.458472, -0.918835, 'Point Bantu 6a', NULL, NULL, NULL, 9, 0),
	(819, 37, 100.457875, -0.918529, 'Fak Kedokteran Unand', NULL, NULL, NULL, 9, 289),
	(820, 38, 100.457791, -0.918464, 'Point Bantu 6a', NULL, NULL, NULL, 9, 0),
	(821, 39, 100.457976, -0.917737, 'Point Bantu 6a', NULL, NULL, NULL, 9, 0),
	(822, 40, 100.457559, -0.916821, 'Point Bantu 6a', NULL, NULL, NULL, 9, 0),
	(823, 41, 100.457501, -0.916683, 'Point Bantu 6a', NULL, NULL, NULL, 9, 0),
	(824, 42, 100.457389, -0.916609, 'Point Bantu 6a', NULL, NULL, NULL, 9, 0),
	(825, 43, 100.45677, -0.916402, 'Point Bantu 6a', NULL, NULL, NULL, 9, 0),
	(826, 44, 100.456527, -0.916052, 'Point Bantu 6a', NULL, NULL, NULL, 9, 0),
	(827, 45, 100.456402, -0.916045, 'Point Bantu 6a', NULL, NULL, NULL, 9, 0),
	(828, 46, 100.45611, -0.916466, 'Point Bantu 6a', NULL, NULL, NULL, 9, 0),
	(829, 47, 100.455546, -0.917432, 'PKM Unand II', NULL, NULL, NULL, 9, 290),
	(830, 48, 100.455241, -0.917862, 'Point Bantu 6a', NULL, NULL, NULL, 9, 0),
	(831, 49, 100.453945, -0.919152, 'Point Bantu 6a', NULL, NULL, NULL, 9, 0),
	(832, 50, 100.448796, -0.923027, 'Point Bantu 6a', NULL, NULL, NULL, 9, 0),
	(833, 51, 100.448264, -0.923219, 'Point Bantu 6a', NULL, NULL, NULL, 9, 0),
	(834, 52, 100.447546, -0.923319, 'Simp Batu Busuk II', NULL, NULL, NULL, 9, 291),
	(835, 53, 100.439498, -0.924497, 'Point Bantu 6a', NULL, NULL, NULL, 9, 0),
	(836, 54, 100.438023, -0.925343, 'Point Bantu 6a', NULL, NULL, NULL, 9, 0),
	(837, 55, 100.436926, -0.925986, 'Point Bantu 6a', NULL, NULL, NULL, 9, 0),
	(838, 56, 100.436374, -0.925927, 'Simp Kapalo Koto II', NULL, NULL, NULL, 9, 292),
	(839, 57, 100.435741, -0.925817, 'Point Bantu 6a', NULL, NULL, NULL, 9, 0),
	(840, 58, 100.435153, -0.925887, 'Point Bantu 6a', NULL, NULL, NULL, 9, 0),
	(841, 59, 100.434321, -0.926087, 'Point Bantu 6a', NULL, NULL, NULL, 9, 0),
	(842, 60, 100.432215, -0.926745, 'Point Bantu 6a', NULL, NULL, NULL, 9, 0),
	(843, 61, 100.430988, -0.927322, 'Point Bantu 6a', NULL, NULL, NULL, 9, 0),
	(844, 62, 100.430357, -0.92769, 'Sendik Unand BRI', NULL, NULL, NULL, 9, 293),
	(845, 63, 100.428916, -0.928383, 'Point Bantu 6a', NULL, NULL, NULL, 9, 0),
	(846, 64, 100.428142, -0.928761, 'Point Bantu 6a', NULL, NULL, NULL, 9, 0),
	(847, 65, 100.425731, -0.929532, 'Point Bantu 6a', NULL, NULL, NULL, 9, 0),
	(848, 66, 100.425713, -0.929813, 'Polsek Pauh', NULL, NULL, NULL, 9, 294),
	(849, 67, 100.424442, -0.930084, 'Point Bantu 6a', NULL, NULL, NULL, 9, 0),
	(850, 68, 100.422615, -0.930226, 'SMP Muhammadiyah 8 II', NULL, NULL, NULL, 9, 295),
	(851, 69, 100.421794, -0.930272, 'Point Bantu 6a', NULL, NULL, NULL, 9, 0),
	(852, 70, 100.421398, -0.930353, 'Point Bantu 6a', NULL, NULL, NULL, 9, 0),
	(853, 71, 100.419779, -0.930444, 'Point Bantu 6a', NULL, NULL, NULL, 9, 0),
	(854, 72, 100.419671, -0.930485, 'Kurnia Mart', NULL, NULL, NULL, 9, 296),
	(855, 73, 100.416823, -0.930996, 'Simpang Koto Tingga II', NULL, NULL, NULL, 9, 297),
	(856, 74, 100.41482, -0.931407, 'Point Bantu 6a', NULL, NULL, NULL, 9, 0),
	(857, 75, 100.414091, -0.931667, 'Point Bantu 6a', NULL, NULL, NULL, 9, 0),
	(858, 76, 100.413324, -0.931636, 'SMP 10 II', NULL, NULL, NULL, 9, 298),
	(859, 77, 100.412342, -0.931628, 'Point Bantu 6a', NULL, NULL, NULL, 9, 0),
	(860, 78, 100.410675, -0.931851, 'Point Bantu 6a', NULL, NULL, NULL, 9, 0),
	(861, 79, 100.409038, -0.932236, 'Point Bantu 6a', NULL, NULL, NULL, 9, 0),
	(862, 80, 100.407413, -0.932381, 'SD 06/17/23', NULL, NULL, NULL, 9, 299),
	(863, 81, 100.406176, -0.932558, 'Point Bantu 6a', NULL, NULL, NULL, 9, 0),
	(864, 82, 100.40521, -0.932551, 'Point Bantu 6a', NULL, NULL, NULL, 9, 0),
	(865, 83, 100.401082, -0.933591, 'Simp Kandang Padati', NULL, NULL, NULL, 9, 300),
	(866, 84, 100.400829, -0.93366, 'SD 31', NULL, NULL, NULL, 9, 301),
	(867, 85, 100.398824, -0.934103, 'Point Bantu 6a', NULL, NULL, NULL, 9, 0),
	(868, 86, 100.397741, -0.934415, 'Ghelis Salon Simp Kataping', NULL, NULL, NULL, 9, 302),
	(869, 87, 100.394811, -0.935257, 'Panti Motor', NULL, NULL, NULL, 9, 303),
	(870, 88, 100.391718, -0.936079, 'Masjid Kebenaran Anduring II', NULL, NULL, NULL, 9, 304),
	(871, 89, 100.38988, -0.93635, 'Point Bantu 6a', NULL, NULL, NULL, 9, 0),
	(872, 90, 100.389399, -0.936586, 'Point Bantu 6a', NULL, NULL, NULL, 9, 0),
	(873, 91, 100.388662, -0.937178, 'Point Bantu 6a', NULL, NULL, NULL, 9, 0),
	(874, 92, 100.388189, -0.937469, 'DBesto Simp. Anduring', NULL, NULL, NULL, 9, 305),
	(875, 93, 100.386948, -0.93815, 'BRI Andalas', NULL, NULL, NULL, 9, 306),
	(876, 94, 100.384809, -0.939345, 'Puskesmas Andalas', NULL, NULL, NULL, 9, 307),
	(877, 95, 100.381904, -0.94092, 'PT. Abdi Tour', NULL, NULL, NULL, 9, 308),
	(878, 96, 100.380154, -0.941999, 'TK Islam Budi Mulia', NULL, NULL, NULL, 9, 309),
	(879, 97, 100.379507, -0.942477, 'Point Bantu 6a', NULL, NULL, NULL, 9, 0),
	(880, 98, 100.378759, -0.943121, 'Point Bantu 6a', NULL, NULL, NULL, 9, 0),
	(881, 99, 100.37781, -0.94325, 'Point Bantu 6a', NULL, NULL, NULL, 9, 0),
	(882, 100, 100.377402, -0.94307, 'Point Bantu 6a', NULL, NULL, NULL, 9, 0),
	(883, 101, 100.377293, -0.943058, 'Point Bantu 6a', NULL, NULL, NULL, 9, 0),
	(884, 102, 100.376873, -0.943124, 'Seberang Bank Nagari Andalas', NULL, NULL, NULL, 9, 310),
	(885, 103, 100.373573, -0.944181, 'Komp Bank Mandiri Simp Haru', NULL, NULL, NULL, 9, 231),
	(886, 104, 100.370133, -0.945308, 'Soraya Bed Sheet', NULL, NULL, NULL, 9, 311),
	(887, 105, 100.368069, -0.946052, 'Gilang Ramadhan Studio', NULL, NULL, NULL, 9, 232),
	(888, 106, 100.36674, -0.946494, 'Point Bantu 6a', NULL, NULL, NULL, 9, 0),
	(889, 107, 100.36472, -0.947501, 'Masjid Mubarak', NULL, NULL, NULL, 9, 233),
	(890, 108, 100.363025, -0.948081, 'Point Bantu 6a', NULL, NULL, NULL, 9, 0),
	(891, 109, 100.362559, -0.946017, 'Point Bantu 6a', NULL, NULL, NULL, 9, 0),
	(892, 110, 100.361312, -0.946242, 'Point Bantu 6a', NULL, NULL, NULL, 9, 0),
	(893, 111, 100.360187, -0.945654, 'Point Bantu 6a', NULL, NULL, NULL, 9, 0),
	(894, 112, 100.35894, -0.945724, 'Point Bantu 6a', NULL, NULL, NULL, 9, 0),
	(895, 113, 100.357408, -0.945817, 'Bumi Putera', NULL, NULL, NULL, 9, 312),
	(896, 114, 100.355618, -0.945759, 'Panin', NULL, NULL, NULL, 9, 313),
	(897, 115, 100.35472, -0.945725, 'Point Bantu 6a', NULL, NULL, NULL, 9, 0),
	(898, 116, 100.35455, -0.944274, 'Damar Plaza II', NULL, NULL, NULL, 9, 314),
	(899, 117, 100.354471, -0.943111, 'Point Bantu 6a', NULL, NULL, NULL, 9, 0),
	(900, 118, 100.355645, -0.94303, 'McD', NULL, NULL, NULL, 9, 315),
	(901, 119, 100.358713, -0.942826, 'Taman Sari', NULL, NULL, NULL, 9, 316),
	(902, 120, 100.360569, -0.942759, 'Rumah Walikota', NULL, NULL, NULL, 9, 317),
	(903, 121, 100.361957, -0.942708, 'Point Bantu 6a', NULL, NULL, NULL, 9, 0),
	(904, 122, 100.362458, -0.944927, 'IAIN II', NULL, NULL, NULL, 9, 65),
	(905, 123, 100.362839, -0.946869, 'Mahmil', NULL, NULL, NULL, 9, 66),
	(906, 1, 100.364584, -0.947529, 'BCA', NULL, NULL, NULL, 10, 262),
	(907, 2, 100.366699, -0.946475, 'Point Bantu 6b', NULL, NULL, NULL, 10, 0),
	(908, 3, 100.368584, -0.945812, 'PT. Pembina Citra Utama', NULL, NULL, NULL, 10, 263),
	(909, 4, 100.374307, -0.943926, 'Stasiun Kereta', NULL, NULL, NULL, 10, 264),
	(910, 5, 100.376815, -0.943125, 'Bank Nagari Andalas', NULL, NULL, NULL, 10, 265),
	(911, 6, 100.377389, -0.943048, 'Point Bantu 6b', NULL, NULL, NULL, 10, 0),
	(912, 7, 100.377868, -0.943229, 'Point Bantu 6b', NULL, NULL, NULL, 10, 0),
	(913, 8, 100.37876, -0.943103, 'Point Bantu 6b', NULL, NULL, NULL, 10, 0),
	(914, 9, 100.380761, -0.941588, 'Dalas Motor', NULL, NULL, NULL, 10, 266),
	(915, 10, 100.383199, -0.940183, 'Depot Air Skalau Krul', NULL, NULL, NULL, 10, 267),
	(916, 11, 100.385508, -0.938905, 'Swalayan Aqlan', NULL, NULL, NULL, 10, 268),
	(917, 12, 100.386562, -0.938337, 'SMP 31', NULL, NULL, NULL, 10, 269),
	(918, 13, 100.387168, -0.938001, 'Nusantara Poultry Shop', NULL, NULL, NULL, 10, 270),
	(919, 14, 100.388482, -0.937248, 'Point Bantu 6b', NULL, NULL, NULL, 10, 0),
	(920, 15, 100.388644, -0.937103, 'Point Bantu 6b', NULL, NULL, NULL, 10, 0),
	(921, 16, 100.38876, -0.937036, 'Point Bantu 6b', NULL, NULL, NULL, 10, 0),
	(922, 17, 100.389599, -0.936341, 'Point Bantu 6b', NULL, NULL, NULL, 10, 0),
	(923, 18, 100.391681, -0.93594, 'Masjid Kebenaran Anduring', NULL, NULL, NULL, 10, 271),
	(924, 19, 100.394758, -0.935148, 'Klinik Segar', NULL, NULL, NULL, 10, 272),
	(925, 20, 100.397777, -0.934288, 'Musholla Singapura Ketaping', NULL, NULL, NULL, 10, 273),
	(926, 21, 100.400562, -0.933607, 'SMP Muhammadiyah 7', NULL, NULL, NULL, 10, 274),
	(927, 22, 100.402578, -0.933028, 'Balai Pemuda Jalan Tunggang', NULL, NULL, NULL, 10, 275),
	(928, 23, 100.40462, -0.932539, 'Point Bantu 6b', NULL, NULL, NULL, 10, 0),
	(929, 24, 100.40778, -0.932251, 'Masjid Jamiak Pauh', NULL, NULL, NULL, 10, 276),
	(930, 25, 100.409021, -0.932147, 'Point Bantu 6b', NULL, NULL, NULL, 10, 0),
	(931, 26, 100.410674, -0.931748, 'Point Bantu 6b', NULL, NULL, NULL, 10, 0),
	(932, 27, 100.412344, -0.931529, 'Point Bantu 6b', NULL, NULL, NULL, 10, 0),
	(933, 28, 100.413602, -0.931564, 'SMP 10', NULL, NULL, NULL, 10, 277),
	(934, 29, 100.414098, -0.931553, 'Point Bantu 6b', NULL, NULL, NULL, 10, 0),
	(935, 30, 100.416821, -0.930873, 'Simp. Koto Tingga', NULL, NULL, NULL, 10, 278),
	(936, 31, 100.418998, -0.930444, 'Point Bantu 6b', NULL, NULL, NULL, 10, 0),
	(937, 32, 100.419891, -0.930341, 'SMP Muhammadiyah 8', NULL, NULL, NULL, 10, 279),
	(938, 33, 100.419604, -0.930358, 'Seberang Kurnia Mart', NULL, NULL, NULL, 10, 280),
	(939, 34, 100.421152, -0.930269, 'Point Bantu 6b', NULL, NULL, NULL, 10, 0),
	(940, 35, 100.421633, -0.930179, 'Point Bantu 6b', NULL, NULL, NULL, 10, 0),
	(941, 36, 100.424138, -0.930016, 'Point Bantu 6b', NULL, NULL, NULL, 10, 0),
	(942, 37, 100.425198, -0.929837, 'Polsek Pauh II', NULL, NULL, NULL, 10, 281),
	(943, 38, 100.426042, -0.929635, 'Point Bantu 6b', NULL, NULL, NULL, 10, 0),
	(944, 39, 100.427589, -0.928946, 'Point Bantu 6b', NULL, NULL, NULL, 10, 0),
	(945, 40, 100.428802, -0.928323, 'KAN Pauh V', NULL, NULL, NULL, 10, 282),
	(946, 41, 100.432189, -0.926687, 'Point Bantu 6b', NULL, NULL, NULL, 10, 0),
	(947, 42, 100.433912, -0.926109, 'Point Bantu 6b', NULL, NULL, NULL, 10, 0),
	(948, 43, 100.434298, -0.925992, 'Point Bantu 6b', NULL, NULL, NULL, 10, 0),
	(949, 44, 100.436077, -0.925748, 'Simp Kapalo Koto', NULL, NULL, NULL, 10, 283),
	(950, 45, 100.435824, -0.925717, 'Point Bantu 6b', NULL, NULL, NULL, 10, 0),
	(951, 46, 100.43679, -0.925854, 'Point Bantu 6b', NULL, NULL, NULL, 10, 0),
	(952, 47, 100.437066, -0.925772, 'Point Bantu 6b', NULL, NULL, NULL, 10, 0),
	(953, 48, 100.439466, -0.924424, 'Point Bantu 6b', NULL, NULL, NULL, 10, 0),
	(954, 49, 100.439623, -0.924391, 'Point Bantu 6b', NULL, NULL, NULL, 10, 0),
	(955, 50, 100.447564, -0.923239, 'Simp Batu Busuk', NULL, NULL, NULL, 10, 284),
	(956, 51, 100.448332, -0.923129, 'Point Bantu 6b', NULL, NULL, NULL, 10, 0),
	(957, 52, 100.448398, -0.92307, 'Point Bantu 6b', NULL, NULL, NULL, 10, 0),
	(958, 53, 100.448488, -0.923075, 'Point Bantu 6b', NULL, NULL, NULL, 10, 0),
	(959, 54, 100.448658, -0.923007, 'Point Bantu 6b', NULL, NULL, NULL, 10, 0),
	(960, 55, 100.448942, -0.922845, 'Point Bantu 6b', NULL, NULL, NULL, 10, 0),
	(961, 56, 100.453867, -0.919095, 'Point Bantu 6b', NULL, NULL, NULL, 10, 0),
	(962, 57, 100.455394, -0.9175, 'PKM Unand', NULL, NULL, NULL, 10, 285),
	(963, 124, 100.364584, -0.947529, 'BCA', NULL, NULL, NULL, 9, 262),
	(964, 65, 100.467459, -0.956401, 'Semen Padang II', NULL, NULL, NULL, 8, 209),
	(965, 59, 100.363636, -0.952719, 'RTH Imam Bonjol', NULL, NULL, NULL, 7, 1),
	(967, 91, 100.362576, -0.955383, 'Masjid Nurul Iman', NULL, NULL, NULL, 5, 0),
	(968, 92, 100.364475, -0.954066, 'Poin Bantu 3a', NULL, NULL, NULL, 5, 0),
	(969, 93, 100.363513, -0.952708, 'RTH Imam Bonjol I', NULL, NULL, NULL, 5, 1),
	(971, 172, 100.416226, -1.073225, 'Poin Bantu IIb', NULL, NULL, NULL, 4, 0),
	(972, 173, 100.415774, -1.072743, 'Poin Bantu IIb', NULL, NULL, NULL, 4, 0),
	(973, 174, 100.413406, -1.07241, 'Simp Masjid Perahu Siddiq', NULL, NULL, NULL, 4, 100),
	(974, 47, 100.316159, -0.809764, 'Mega Permai II', NULL, NULL, NULL, 2, 35),
	(975, 57, 100.364475, -0.954066, 'Poin Bantu 1a', NULL, NULL, NULL, 1, 0),
	(976, 58, 100.363513, -0.952708, 'RTH Imam Bonjol I', NULL, NULL, NULL, 1, 1),
	(977, 57, 100.364475, -0.954066, 'Poin Bantu 1a', '2016-06-10 17:11:57', NULL, NULL, 1, 0),
	(978, 90, 100.389564, -0.880732, 'FKG Baiturrahmah II', NULL, NULL, NULL, 6, 207),
	(979, 0, 100.382369, -0.871082, 'RS Siti Rahmah', NULL, NULL, NULL, 5, 318),
	(980, 44, 100.363295, -0.899764, 'Kampus ITP', NULL, NULL, NULL, 5, 151),
	(981, 49, 100.358091, -0.904728, 'Dinas SDM', NULL, NULL, NULL, 5, 153),
	(982, 51, 100.354149, -0.90743, 'RM Talago', NULL, NULL, NULL, 5, 154);
/*!40000 ALTER TABLE `point` ENABLE KEYS */;


-- Dumping structure for table trans_padang.rute
CREATE TABLE IF NOT EXISTS `rute` (
  `id` int(11) NOT NULL,
  `koridor_asal` int(11) DEFAULT NULL,
  `koridor_tujuan` int(11) DEFAULT NULL,
  `koridor_via` int(11) DEFAULT NULL,
  `halte_transisi` int(11) DEFAULT NULL,
  `created_at` datetime DEFAULT NULL,
  `updated_at` datetime DEFAULT NULL,
  `deleted_at` datetime DEFAULT NULL,
  PRIMARY KEY (`id`)
) ENGINE=InnoDB DEFAULT CHARSET=utf8;

-- Dumping data for table trans_padang.rute: ~100 rows (approximately)
DELETE FROM `rute`;
/*!40000 ALTER TABLE `rute` DISABLE KEYS */;
INSERT INTO `rute` (`id`, `koridor_asal`, `koridor_tujuan`, `koridor_via`, `halte_transisi`, `created_at`, `updated_at`, `deleted_at`) VALUES
	(0, 1, 3, 4, 1, NULL, NULL, NULL),
	(1, 1, 1, 0, 0, NULL, NULL, NULL),
	(2, 1, 2, 0, 1, NULL, NULL, NULL),
	(3, 1, 3, 4, 1, NULL, NULL, NULL),
	(4, 1, 4, 0, 1, NULL, NULL, NULL),
	(5, 1, 5, 6, 1, NULL, NULL, NULL),
	(6, 1, 6, 0, 1, NULL, NULL, NULL),
	(7, 1, 7, 8, 1, NULL, NULL, NULL),
	(8, 1, 8, 0, 1, NULL, NULL, NULL),
	(9, 1, 9, 8, 1, NULL, NULL, NULL),
	(10, 1, 10, 8, 1, NULL, NULL, NULL),
	(11, 2, 2, 0, 0, NULL, NULL, NULL),
	(12, 2, 1, 0, 35, NULL, NULL, NULL),
	(13, 2, 3, 1, 1, NULL, NULL, NULL),
	(14, 2, 4, 1, 1, NULL, NULL, NULL),
	(15, 2, 5, 1, 1, NULL, NULL, NULL),
	(16, 2, 6, 1, 1, NULL, NULL, NULL),
	(17, 2, 7, 1, 1, NULL, NULL, NULL),
	(18, 2, 8, 1, 1, NULL, NULL, NULL),
	(19, 2, 9, 1, 1, NULL, NULL, NULL),
	(20, 2, 10, 1, 1, NULL, NULL, NULL),
	(21, 3, 3, 0, 0, NULL, NULL, NULL),
	(22, 3, 1, 2, 1, NULL, NULL, NULL),
	(23, 3, 2, 0, 1, NULL, NULL, NULL),
	(24, 3, 4, 0, 1, NULL, NULL, NULL),
	(25, 3, 5, 6, 1, NULL, NULL, NULL),
	(26, 3, 6, 0, 1, NULL, NULL, NULL),
	(27, 3, 7, 8, 1, NULL, NULL, NULL),
	(28, 3, 8, 0, 1, NULL, NULL, NULL),
	(29, 3, 9, 8, 1, NULL, NULL, NULL),
	(30, 3, 10, 8, 1, NULL, NULL, NULL),
	(31, 4, 4, 0, 0, NULL, NULL, NULL),
	(32, 4, 1, 3, 1, NULL, NULL, NULL),
	(33, 4, 2, 3, 1, NULL, NULL, NULL),
	(34, 4, 3, 0, 100, NULL, NULL, NULL),
	(35, 4, 5, 3, 1, NULL, NULL, NULL),
	(36, 4, 6, 3, 1, NULL, NULL, NULL),
	(37, 4, 7, 3, 1, NULL, NULL, NULL),
	(38, 4, 8, 3, 1, NULL, NULL, NULL),
	(39, 4, 9, 3, 1, NULL, NULL, NULL),
	(40, 4, 10, 3, 1, NULL, NULL, NULL),
	(41, 5, 5, 0, 0, NULL, NULL, NULL),
	(42, 5, 1, 2, 1, NULL, NULL, NULL),
	(43, 5, 2, 0, 1, NULL, NULL, NULL),
	(44, 5, 3, 2, 1, NULL, NULL, NULL),
	(45, 5, 4, 0, 1, NULL, NULL, NULL),
	(46, 5, 6, 0, 1, NULL, NULL, NULL),
	(47, 5, 7, 8, 1, NULL, NULL, NULL),
	(48, 5, 8, 0, 1, NULL, NULL, NULL),
	(49, 5, 9, 8, 1, NULL, NULL, NULL),
	(50, 5, 10, 8, 1, NULL, NULL, NULL),
	(51, 6, 6, 0, 0, NULL, NULL, NULL),
	(52, 6, 1, 0, 55, NULL, NULL, NULL),
	(53, 6, 2, 5, 136, NULL, NULL, NULL),
	(54, 6, 3, 5, 136, NULL, NULL, NULL),
	(55, 6, 4, 5, 136, NULL, NULL, NULL),
	(56, 6, 5, 0, 318, NULL, NULL, NULL),
	(57, 6, 7, 5, 136, NULL, NULL, NULL),
	(58, 6, 8, 5, 136, NULL, NULL, NULL),
	(59, 6, 9, 5, 136, NULL, NULL, NULL),
	(60, 6, 10, 5, 136, NULL, NULL, NULL),
	(61, 7, 7, 0, 0, NULL, NULL, NULL),
	(62, 7, 1, 2, 1, NULL, NULL, NULL),
	(63, 7, 2, 0, 1, NULL, NULL, NULL),
	(64, 7, 3, 4, 1, NULL, NULL, NULL),
	(65, 7, 4, 0, 1, NULL, NULL, NULL),
	(66, 7, 5, 6, 1, NULL, NULL, NULL),
	(67, 7, 6, 0, 1, NULL, NULL, NULL),
	(68, 7, 8, 0, 1, NULL, NULL, NULL),
	(69, 7, 9, 0, 231, NULL, NULL, NULL),
	(70, 7, 10, 9, 231, NULL, NULL, NULL),
	(71, 8, 8, 0, 0, NULL, NULL, NULL),
	(72, 8, 1, 7, 209, NULL, NULL, NULL),
	(73, 8, 2, 7, 209, NULL, NULL, NULL),
	(74, 8, 3, 7, 209, NULL, NULL, NULL),
	(75, 8, 4, 7, 209, NULL, NULL, NULL),
	(76, 8, 5, 7, 209, NULL, NULL, NULL),
	(77, 8, 6, 7, 209, NULL, NULL, NULL),
	(78, 8, 7, 0, 209, NULL, NULL, NULL),
	(79, 8, 9, 7, 231, NULL, NULL, NULL),
	(80, 8, 10, 7, 209, NULL, NULL, NULL),
	(81, 9, 9, 0, 0, NULL, NULL, NULL),
	(82, 9, 1, 7, 231, NULL, NULL, NULL),
	(83, 9, 2, 7, 231, NULL, NULL, NULL),
	(84, 9, 3, 7, 231, NULL, NULL, NULL),
	(85, 9, 4, 7, 231, NULL, NULL, NULL),
	(86, 9, 5, 7, 231, NULL, NULL, NULL),
	(87, 9, 6, 7, 231, NULL, NULL, NULL),
	(88, 9, 7, 0, 231, NULL, NULL, NULL),
	(89, 9, 8, 7, 231, NULL, NULL, NULL),
	(90, 9, 10, 0, 262, NULL, NULL, NULL),
	(91, 10, 10, 0, 0, NULL, NULL, NULL),
	(92, 10, 1, 9, 285, NULL, NULL, NULL),
	(93, 10, 2, 9, 285, NULL, NULL, NULL),
	(94, 10, 3, 9, 285, NULL, NULL, NULL),
	(95, 10, 4, 9, 285, NULL, NULL, NULL),
	(96, 10, 5, 9, 285, NULL, NULL, NULL),
	(97, 10, 6, 9, 285, NULL, NULL, NULL),
	(98, 10, 7, 9, 285, NULL, NULL, NULL),
	(99, 10, 8, 9, 285, NULL, NULL, NULL),
	(100, 10, 9, 0, 285, NULL, NULL, NULL);
/*!40000 ALTER TABLE `rute` ENABLE KEYS */;
/*!40101 SET SQL_MODE=IFNULL(@OLD_SQL_MODE, '') */;
/*!40014 SET FOREIGN_KEY_CHECKS=IF(@OLD_FOREIGN_KEY_CHECKS IS NULL, 1, @OLD_FOREIGN_KEY_CHECKS) */;
/*!40101 SET CHARACTER_SET_CLIENT=@OLD_CHARACTER_SET_CLIENT */;
